name,team_abbr,team_name,pos,jersey_number,goals_ref,assists_ref,own_goals_ref,points_ref,epl_in_ref,xg_ref,xa_ref,xpoints_ref,id
Erling Haaland,MCI,Manchester City,FWD,9,27,8,0,31,true,28.795336209237576,5.507687093690038,31.549179756082594,sr:player:991181
Igor Thiago,BRE,Brentford,FWD,9,22,1,0,22.5,true,24.68977300822735,3.4500465877354145,26.414796302095056,sr:player:2232678
Bruno Fernandes,MUN,Manchester United,MID,8,9,21,0,19.5,true,11.931805820204318,17.75713463127613,20.810373135842383,sr:player:288205
Antoine Semenyo,MCI,Manchester City,MID,42,17,4,0,19,true,12.836786897853017,4.130169393494725,14.90187159460038,sr:player:1480070
Ollie Watkins,AVL,Aston Villa,FWD,11,16,3,0,17.5,true,18.827725588344038,2.816021606326103,20.23573639150709,sr:player:555386
Morgan Gibbs-White,NFO,Nottingham,MID,10,15,4,0,17,true,11.671697720885277,4.5044658575206995,13.923930649645627,sr:player:1089760
Joao Pedro,CFC,Chelsea,FWD,20,15,4,0,17,true,15.723741941154003,3.983569510281086,17.715526696294546,sr:player:1710063
Dominic Calvert-Lewin,LEE,Leeds United,FWD,9,14,1,0,14.5,true,18.671318570151925,1.5441157519817352,19.443376446142793,sr:player:372344
Viktor Gyokeres,ARS,Arsenal,FWD,14,14,1,0,14.5,true,13.871430788189173,2.6537387324497104,15.198300154414028,sr:player:869030
Harry Wilson,LEE,Leeds United,FWD,17,10,7,0,13.5,true,5.759745923802257,5.503671173006296,8.511581510305405,sr:player:355528
Danny Welbeck,CFC,Chelsea,FWD,18,13,1,0,13.5,true,12.718900069594383,2.2625304386019707,13.850165288895369,sr:player:33902
Hugo Ekitike,LFC,Liverpool,FWD,22,11,5,0,13.5,true,11.932188130915165,2.49130567535758,13.177840968593955,sr:player:2083977
Richarlison,TOT,Tottenham,FWD,9,11,4,0,13,true,9.866276641376317,3.4081881837919354,11.570370733272284,sr:player:992069
Morgan Rogers,CFC,Chelsea,MID,17,10,6,0,13,true,7.1458222679793835,7.475014166906476,10.883329351432621,sr:player:1577506
Eli Junior Kroupi,BOU,Bournemouth,FWD,22,13,0,0,13,true,8.849121669307351,1.81576990429312,9.757006621453911,sr:player:2592883
Bryan Mbeumo,MUN,Manchester United,FWD,19,11,3,0,12.5,true,13.309208107180893,5.091009698808193,15.85471295658499,sr:player:1413499
Jean-Philippe Mateta,CRY,Crystal Palace,FWD,14,12,0,0,12,true,15.977427493780851,1.2496193014085293,16.602237144485116,sr:player:1027583
Enzo Fernandez,CFC,Chelsea,MID,8,10,4,0,12,true,11.91719657368958,8.865934781730175,16.350163964554667,sr:player:1696477
Benjamin Sesko,MUN,Manchester United,FWD,30,11,1,0,11.5,true,12.504127995111048,0.5977376587688923,12.802996824495494,sr:player:1632970
Bruno Guimaraes,ARS,Arsenal,MID,39,9,5,0,11.5,true,6.597308051772416,3.8693104553967714,8.531963279470801,sr:player:1141016
Matheus Cunha,MUN,Manchester United,FWD,10,10,2,0,11,true,7.076101643964648,3.698060866445303,8.9251320771873,sr:player:1146986
Cole Palmer,CFC,Chelsea,MID,10,10,1,0,10.5,true,10.257518742233515,2.1231346298009157,11.319086057133973,sr:player:1737609
Rayan Cherki,MCI,Manchester City,MID,10,4,12,0,10,true,4.64134069904685,10.784712422639132,10.033696910366416,sr:player:1601352
Bukayo Saka,ARS,Arsenal,FWD,7,7,6,0,10,true,8.701195661909878,8.552797641605139,12.977594482712448,sr:player:1479630
Kiernan Dewsbury-Hall,EVE,Everton,MID,8,8,4,0,10,true,4.330071024596691,6.574528481811285,7.617335265502334,sr:player:1055173
Ismaila Sarr,CRY,Crystal Palace,FWD,7,9,1,0,9.5,true,11.543307237327099,2.200463268905878,12.643538871780038,sr:player:1011939
Phil Foden,MCI,Manchester City,MID,47,7,5,0,9.5,true,6.688582047820091,6.107132508419454,9.742148302029818,sr:player:1047129
Cody Gakpo,LFC,Liverpool,FWD,18,7,5,0,9.5,true,9.826099138706923,6.592332137748599,13.122265207581222,sr:player:1058437
Dominik Szoboszlai,LFC,Liverpool,MID,8,6,7,0,9.5,true,4.724170769564807,8.835168853402138,9.141755196265876,sr:player:1064588
Beto,EVE,Everton,FWD,9,9,1,0,9.5,true,10.947674445807934,1.0041863042861223,11.449767597950995,sr:player:1658367
Kevin Schade,BRE,Brentford,FWD,7,8,3,0,9.5,true,11.832689953967929,4.565257132053375,14.115318519994617,sr:player:1575774
Jaidon Anthony,BRE,Brentford,FWD,,8,2,0,9,true,5.564454321749508,4.374400090426207,7.751654366962612,sr:player:2070595
Marcus Tavernier,BOU,Bournemouth,MID,16,7,4,0,9,true,9.397737859748304,6.158757623285055,12.477116671390831,sr:player:944820
Noah Okafor,LEE,Leeds United,FWD,19,8,1,0,8.5,true,6.296696716919541,2.259315438568592,7.426354436203837,sr:player:1057309
Nick Woltemade,NEW,Newcastle,FWD,27,8,3,1,8.5,true,8.262036986649036,2.9012854490429163,9.712679711170495,sr:player:1724622
Dango Ouattara,BRE,Brentford,FWD,19,7,3,0,8.5,true,8.694322310388088,5.863189795985818,11.625917208380997,sr:player:2200344
Igor Jesus,NFO,Nottingham,FWD,19,6,4,0,8,true,7.199080093763769,2.280350387096405,8.339255287311971,sr:player:1744189
Pedro Neto,CFC,Chelsea,FWD,7,5,6,0,8,true,5.149658527225256,7.933838244527578,9.116577649489045,sr:player:1115761
Enzo Le Fee,SUN,Sunderland,MID,28,5,6,0,8,true,5.268677884712815,7.54641820769757,9.0418869885616,sr:player:1742651
Eberechi Eze,ARS,Arsenal,MID,10,7,2,0,8,true,4.807457456365228,2.63351690210402,6.124215907417238,sr:player:1088470
Thierno Barry,EVE,Everton,FWD,11,8,0,0,8,true,9.149327086284757,1.003938363865018,9.651296268217266,sr:player:2203482
Jeremy Doku,MCI,Manchester City,FWD,11,5,5,0,7.5,true,3.9999447921290994,7.553412737324834,7.776651160791516,sr:player:1297614
Harvey Barnes,NEW,Newcastle,FWD,11,7,1,0,7.5,true,8.050524456426501,3.1062511932104826,9.603650053031743,sr:player:1055187
Brian Brobbey,SUN,Sunderland,FWD,9,7,1,0,7.5,true,7.1118853986263275,1.5084331054240465,7.866101951338351,sr:player:1345190
Iliman Ndiaye,EVE,Everton,FWD,10,6,3,0,7.5,true,6.143797228112817,4.4570258148014545,8.372310135513544,sr:player:2120122
Callum Wilson,BRE,Brentford,FWD,,7,1,0,7.5,true,7.60266119800508,1.0267592892050743,8.116040842607617,sr:player:113956
Nico O'Reilly,MCI,Manchester City,DEF,33,5,4,0,7,true,6.7270112708210945,3.847439743578434,8.650731142610312,sr:player:2265485
William Osula,NEW,Newcastle,FWD,10,7,0,0,7,true,4.915395822376013,0.44665464758872986,5.138723146170378,sr:player:2161264
John McGinn,AVL,Aston Villa,MID,7,5,4,0,7,true,2.999398436397314,4.862495846115053,5.43064635945484,sr:player:250223
Emiliano Buendia,AVL,Aston Villa,MID,10,6,2,0,7,true,3.7844833629205823,3.626239098608494,5.597602912224829,sr:player:783126
Lukas Nmecha,LEE,Leeds United,FWD,14,6,1,0,6.5,true,8.14029767177999,1.684540869668126,8.982568106614053,sr:player:769115
Anton Stach,LEE,Leeds United,MID,18,5,3,0,6.5,true,2.9207701720297337,5.958144916221499,5.899842630140483,sr:player:1021607
Brenden Aaronson,LEE,Leeds United,FWD,11,4,5,0,6.5,true,5.881288753822446,5.662709843367338,8.712643675506115,sr:player:1398657
Declan Rice,ARS,Arsenal,MID,41,4,5,0,6.5,true,3.7209608871489763,8.159449681639671,7.800685727968812,sr:player:934552
Ryan Gravenberch,LFC,Liverpool,MID,38,5,3,0,6.5,true,1.5315213510766625,2.368868850171566,2.7159557761624455,sr:player:1319220
Florian Wirtz,LFC,Liverpool,MID,7,5,3,0,6.5,true,7.576831823214889,5.384264823049307,10.268964234739542,sr:player:2041927
Evanilson,BOU,Bournemouth,FWD,9,6,1,0,6.5,true,11.830083925276995,3.069119781255722,13.364643815904856,sr:player:1436414
Daniel Munoz,CRY,Crystal Palace,DEF,2,4,4,0,6,true,3.147003997117281,5.066070262342691,5.680039128288627,sr:player:1108227
Tijjani Reijnders,MCI,Manchester City,MID,4,5,2,0,6,true,4.861917998641729,3.0732941813766956,6.398565089330077,sr:player:1253990
Elliot Anderson,MCI,Manchester City,MID,,4,4,0,6,true,3.4442944694310427,4.842637189663947,5.865613064263016,sr:player:1635776
Patrick Dorgu,MUN,Manchester United,DEF,13,4,4,0,6,true,2.987284906208515,3.1112868897616863,4.542928351089358,sr:player:2631331
Wilson Isidor,SUN,Sunderland,FWD,18,6,0,0,6,true,5.619414385408163,0,5.619414385408163,sr:player:1118043
Virgil van Dijk,LFC,Liverpool,DEF,4,6,0,0,6,true,4.891236560419202,0.3285368140786886,5.055504967458546,sr:player:151545
Mikkel Damsgaard,BRE,Brentford,FWD,24,4,4,0,6,true,2.9744047094136477,6.468690361827612,6.208749890327454,sr:player:1336192
Rayan,BOU,Bournemouth,FWD,37,5,2,0,6,true,2.6684105955064297,2.7789037879556417,4.0578624894842505,sr:player:2284493
Diego Gomez,BRI,Brighton,MID,25,5,1,0,5.5,true,6.4177497662603855,2.0924463979899883,7.46397296525538,sr:player:2070005
Mikel Merino,ARS,Arsenal,MID,23,4,3,0,5.5,true,5.217843644320965,2.2901399955153465,6.362913642078638,sr:player:592010
Jurrien Timber,ARS,Arsenal,DEF,12,3,5,0,5.5,true,4.030840836465359,2.5891424333676696,5.3254120531491935,sr:player:1059325
Martin Zubimendi,ARS,Arsenal,MID,36,5,1,0,5.5,true,2.944296659901738,1.087823610752821,3.4882084652781487,sr:player:1725982
Alex Iwobi,FUL,Fulham,FWD,17,4,3,0,5.5,true,2.403212903998792,3.629966888576746,4.218196348287165,sr:player:352770
James Garner,EVE,Everton,MID,37,2,7,0,5.5,true,2.075645294971764,6.066574491560459,5.108932540751994,sr:player:1297412
Callum Hudson Odoi,NFO,Nottingham,FWD,7,3,4,0,5,true,2.9516881722956896,3.9338085064664483,4.918592425528914,sr:player:1089772
Jack Grealish,MCI,Manchester City,MID,10,2,6,0,5,true,3.084938551299274,4.558330744504929,5.364103923551738,sr:player:189061
Yankuba Minteh,BRI,Brighton,FWD,11,3,4,0,5,true,4.752463513985276,5.841520894318819,7.673223961144686,sr:player:2429289
Mateus Fernandes,TOT,Tottenham,MID,18,3,4,0,5,true,1.8216427816078067,3.336049569770694,3.4896675664931536,sr:player:2221324
Gabriel,ARS,Arsenal,DEF,6,3,4,0,5,true,4.649077512323856,2.7250300347805023,6.0115925297141075,sr:player:1099395
Jorgen Strand Larsen,CRY,Crystal Palace,FWD,22,4,1,0,4.5,true,6.514206910505891,0.6865616654977202,6.857487743254751,sr:player:1065792
Taiwo Awoniyi,NFO,Nottingham,FWD,9,4,1,0,4.5,true,4.346804939210415,1.3198657557368279,5.006737817078829,sr:player:359664
Marc Guehi,MCI,Manchester City,DEF,15,3,3,0,4.5,true,4.697336498647928,2.726592278573662,6.060632637934759,sr:player:936120
Omar Marmoush,MCI,Manchester City,FWD,7,3,3,0,4.5,true,3.76536438241601,2.126938968896866,4.828833866864443,sr:player:1107697
Yasin Ayari,BRI,Brighton,MID,26,3,3,0,4.5,true,2.1179441660642624,1.4007999636232853,2.818344147875905,sr:player:2052205
Jack Hinshelwood,BRI,Brighton,MID,13,4,3,1,4.5,true,4.76202392950654,2.3572685150429606,5.940658187028021,sr:player:2532547
Cristian Romero,TOT,Tottenham,DEF,17,4,1,0,4.5,true,1.8381627183407545,1.8169466238468885,2.746636030264199,sr:player:952278
Mohammed Kudus,TOT,Tottenham,MID,20,2,5,0,4.5,true,2.362326920963824,2.574139247648418,3.6493965447880328,sr:player:1321798
Xavi Simons,TOT,Tottenham,FWD,7,2,5,0,4.5,true,2.7162908166646957,4.650560335256159,5.041570984292775,sr:player:1885046
Micky van de Ven,TOT,Tottenham,DEF,37,4,1,0,4.5,true,2.4525543581694365,1.0142897926270962,2.9596992544829845,sr:player:1938216
Mathys Tel,TOT,Tottenham,FWD,11,4,1,0,4.5,true,2.8263100758194923,3.4139982480555773,4.533309199847281,sr:player:2059277
Matty Cash,AVL,Aston Villa,DEF,2,3,3,0,4.5,true,1.2179190125316381,3.2148889815434813,2.825363503303379,sr:player:968907
Chemsdine Talbi,SUN,Sunderland,MID,7,4,1,0,4.5,true,2.32377387303859,0.6003798525780439,2.623963799327612,sr:player:2229694
Keane Lewis-Potter,BRE,Brentford,FWD,23,3,3,0,4.5,true,3.214926864951849,2.714283775538206,4.572068752720952,sr:player:1662121
Pape Matar Sarr,TOT,Tottenham,MID,29,2,4,0,4,true,2.047363305464387,2.4335668282583356,3.2641467195935547,sr:player:1957969
Reece James,CFC,Chelsea,DEF,24,2,4,0,4,true,1.2280184961855412,3.9933422207832336,3.224689606577158,sr:player:1140070
Jacob Murphy,NEW,Newcastle,MID,23,3,2,0,4,true,3.1199456304311752,4.785552207380533,5.512721734121442,sr:player:372336
Malick Thiaw,NEW,Newcastle,DEF,12,4,0,0,4,true,5.898031393066049,0.8268706873059273,6.311466736719012,sr:player:1576076
Granit Xhaka,SUN,Sunderland,MID,34,1,6,0,4,true,0.8072718912735581,3.7049803622066975,2.659762072376907,sr:player:117777
Martin Odegaard,ARS,Arsenal,MID,8,1,6,0,4,true,1.219119856134057,4.978420486673713,3.7083300994709134,sr:player:547410
Alexis Mac Allister,LFC,Liverpool,MID,10,2,4,0,4,true,4.071707676164806,2.849602391012013,5.496508871670812,sr:player:1245194
Adam Wharton,CRY,Crystal Palace,MID,20,1,5,0,3.5,true,1.1520960042253137,6.6245664320886135,4.46437922026962,sr:player:2284355
Neco Williams,NFO,Nottingham,DEF,3,2,3,0,3.5,true,1.8705778289586306,4.3956019571051,4.068378807511181,sr:player:1298482
Omari Hutchinson,NFO,Nottingham,MID,21,1,5,0,3.5,true,2.1777186449617147,4.931529551744461,4.643483420833945,sr:player:2284735
Matheus Nunes,MCI,Manchester City,MID,27,1,5,0,3.5,true,0.6754733501002192,3.0990526378154755,2.224999669007957,sr:player:1560920
Kaoru Mitoma,BRI,Brighton,MID,22,3,1,0,3.5,true,4.789182621985674,3.54316034540534,6.560762794688344,sr:player:1494743
Georginio Rutter,BRI,Brighton,FWD,10,3,3,1,3.5,true,2.933251672424376,4.598605487495661,5.232554416172206,sr:player:1565286
Mats Wieffer,BRI,Brighton,DEF,27,2,3,0,3.5,true,1.9274322018027306,2.8690227568149567,3.361943580210209,sr:player:1621256
Maxim De Cuyper,BRI,Brighton,DEF,29,2,3,0,3.5,true,1.7418285254389048,4.685627582482994,4.084642316680402,sr:player:1624310
Jan-Paul van Hecke,TOT,Tottenham,DEF,6,3,3,1,3.5,true,3.358578664250672,1.0255657620728016,3.8713615452870727,sr:player:1630352
Amad Diallo,MUN,Manchester United,FWD,16,2,3,0,3.5,true,5.7300354186445475,5.647227294743061,8.553649066016078,sr:player:1886726
Moises Caicedo,CFC,Chelsea,MID,25,3,1,0,3.5,true,1.5309751015156507,2.626823216676712,2.8443867098540068,sr:player:1796106
Jacob Ramsey,NEW,Newcastle,MID,41,2,3,0,3.5,true,1.2112666741013527,1.5663878619670868,1.994460605084896,sr:player:1705555
Ross Barkley,AVL,Aston Villa,MID,6,3,1,0,3.5,true,1.9129743836820126,2.0321620935574174,2.9290554304607213,sr:player:98435
Nordi Mukiele,SUN,Sunderland,DEF,20,3,3,1,3.5,true,2.778892433270812,2.752836622297764,4.155310744419694,sr:player:780014
Kai Havertz,ARS,Arsenal,FWD,29,2,3,0,3.5,true,4.895509898662567,1.456983646377921,5.624001721851528,sr:player:937210
Noni Madueke,ARS,Arsenal,FWD,20,3,1,0,3.5,true,1.9964179322123528,4.010977517813444,4.001906691119075,sr:player:1300742
Ryan Sessegnon,FUL,Fulham,MID,30,3,1,0,3.5,true,2.04829409904778,2.2284331284463406,3.1625106632709503,sr:player:978193
Alexander Isak,LFC,Liverpool,FWD,9,3,1,0,3.5,true,3.2453083600848913,0.8461103290319443,3.6683635246008635,sr:player:925724
Michael Keane,EVE,Everton,DEF,5,3,1,0,3.5,true,3.5690636690706015,0.13012627139687538,3.634126804769039,sr:player:110846
James Tarkowski,EVE,Everton,DEF,6,2,3,0,3.5,true,2.8690776508301497,2.0567114762961864,3.897433388978243,sr:player:145188
Mathias Jensen,BRE,Brentford,MID,8,3,1,0,3.5,true,1.5882399883121252,5.333177657797933,4.2548288172110915,sr:player:775687
Amine Adli,BOU,Bournemouth,FWD,21,3,1,0,3.5,true,3.5744741037487984,1.2779199946671724,4.213434101082385,sr:player:1850922
Adrien Truffert,BOU,Bournemouth,DEF,3,1,5,0,3.5,true,1.9886900894343853,4.408130643889308,4.192755411379039,sr:player:1951496
Alex Jay Scott,BOU,Bournemouth,MID,8,3,1,0,3.5,true,3.5001351330429316,2.8919121669605374,4.9460912165232,sr:player:2131960
Yeremy Pino,CRY,Crystal Palace,FWD,10,2,2,0,3,true,4.372978935018182,8.502093791030347,8.624025830533355,sr:player:1634220
Chris Wood,NFO,Nottingham,FWD,11,3,0,0,3,true,3.365151971578598,0.321694266051054,3.525999104604125,sr:player:50480
Ibrahim Sangare,NFO,Nottingham,MID,6,2,2,0,3,true,1.5703946938738227,1.4491914678364992,2.2949904277920723,sr:player:1017603
Josko Gvardiol,MCI,Manchester City,DEF,24,2,2,0,3,true,1.8614049591124058,0.43760474771261215,2.080207332968712,sr:player:1645860
Dominic Solanke,TOT,Tottenham,FWD,19,3,0,0,3,true,3.586364097893238,0.5976490452885628,3.8851886205375195,sr:player:361420
Archie Gray,TOT,Tottenham,MID,14,2,2,0,3,true,1.588539564050734,1.6584226582199335,2.417750893160701,sr:player:2278985
Sean Longstaff,LEE,Leeds United,MID,8,2,2,0,3,true,1.3776587545871735,2.7682253569364548,2.761771433055401,sr:player:1090782
Mason Mount,MUN,Manchester United,MID,7,3,0,0,3,true,1.7446828484535217,1.3764615170657635,2.4329136069864035,sr:player:936126
Alejandro Garnacho,CFC,Chelsea,FWD,49,1,4,0,3,true,4.111795756965876,4.21896393597126,6.221277724951506,sr:player:1955902
Estevao,CFC,Chelsea,FWD,41,2,2,0,3,true,3.8740363344550133,2.8163073528558016,5.282190010882914,sr:player:2714244
Lewis Miley,NEW,Newcastle,MID,76,1,4,0,3,true,1.3760087750852108,2.321293480694294,2.536655515432358,sr:player:2558327
Alejandro Garnacho,AVL,Aston Villa,FWD,49,1,4,0,3,true,4.111795756965876,4.21896393597126,6.221277724951506,sr:player:1955902
Habib Diarra,SUN,Sunderland,MID,19,2,2,0,3,true,3.2528567891567945,0.644760662689805,3.575237120501697,sr:player:2202982
Gabriel Jesus,ARS,Arsenal,FWD,9,3,0,0,3,true,3.9764807410538197,0.20858897641301155,4.080775229260325,sr:player:835751
Gabriel Martinelli,ARS,Arsenal,FWD,11,1,4,0,3,true,5.357063241302967,2.569171307608485,6.64164889510721,sr:player:1663313
Emile Smith Rowe,FUL,Fulham,MID,32,3,0,0,3,true,4.261428236961365,1.417598308995366,4.970227391459048,sr:player:937004
Vitaly Janelt,BRE,Brentford,MID,27,1,4,0,3,true,0.7498585553839803,3.811057908460498,2.655387509614229,sr:player:822586
Tyler Adams,BOU,Bournemouth,MID,12,2,2,0,3,true,0.9289743825793266,1.2302900850772858,1.5441194251179695,sr:player:809778
Loum Tchaouna,COV,Coventry,FWD,,2,1,0,2.5,false,1.2590220803394914,1.1996374279260635,1.8588407943025231,sr:player:1975811
Pascal Gross,BRI,Brighton,MID,30,1,3,0,2.5,true,1.2529933378100395,3.2941888589411974,2.900087767280638,sr:player:48480
Charalampos Kostoulas,BRI,Brighton,FWD,19,2,1,0,2.5,true,2.256983704864979,1.2800643518567085,2.897015880793333,sr:player:2544947
Marcos Senesi,TOT,Tottenham,MID,,0,5,0,2.5,true,1.850691837258637,4.026684596203268,3.8640341353602707,sr:player:954708
Lucas Bergvall,TOT,Tottenham,MID,15,1,3,0,2.5,true,1.4342994708567858,0.29162913747131824,1.580114039592445,sr:player:2397923
James Justin,LEE,Leeds United,DEF,24,2,1,0,2.5,true,2.5627669915556908,2.572751060128212,3.8491425216197968,sr:player:942498
Jayden Bogle,LEE,Leeds United,DEF,2,1,3,0,2.5,true,1.892064114101231,3.5251562744379044,3.6546422513201833,sr:player:1423711
Diogo Dalot,MUN,Manchester United,DEF,2,1,3,0,2.5,true,2.194661596789956,3.5058063408359885,3.9475647672079504,sr:player:817522
Joshua Zirkzee,MUN,Manchester United,FWD,11,2,1,0,2.5,true,3.846635088324547,1.2162351589649916,4.454752667807043,sr:player:1382367
Jordan Henderson,CFC,Chelsea,MID,,1,3,0,2.5,true,0.5513727776706219,3.320531530305743,2.2116385428234935,sr:player:42694
Malo Gusto,CFC,Chelsea,DEF,27,2,3,1,2.5,true,1.9418211746960878,3.805633621290326,3.844637985341251,sr:player:1948364
Joelinton,NEW,Newcastle,FWD,7,2,1,0,2.5,true,2.178690475411713,1.8613738622516394,3.109377406537533,sr:player:560128
Boubacar Kamara,AVL,Aston Villa,MID,8,1,3,0,2.5,true,1.0521572744473815,0.7290232917293906,1.4166689203120768,sr:player:936566
Daniel Ballard,SUN,Sunderland,DEF,5,2,1,0,2.5,true,3.6954356245696545,1.5805855486541986,4.485728398896754,sr:player:1057153
Federico Chiesa,LFC,Liverpool,MID,14,2,1,0,2.5,true,1.6658269949257374,1.4720365405082703,2.4018452651798725,sr:player:1012117
Milos Kerkez,LFC,Liverpool,DEF,6,2,1,0,2.5,true,1.3935871431604028,1.8634965866804123,2.325335436500609,sr:player:1989917
Rio Ngumoha,LFC,Liverpool,FWD,73,2,1,0,2.5,true,1.2214453928172588,2.126121360808611,2.2845060732215643,sr:player:2915821
Brennan Johnson,EVE,Everton,FWD,22,2,1,0,2.5,true,2.5934192165732384,1.281047284603119,3.233942858874798,sr:player:1646334
David Brooks,BOU,Bournemouth,MID,7,1,3,0,2.5,true,6.54012631252408,4.196839664131403,8.638546144589782,sr:player:1056631
Eddie Nketiah,CRY,Crystal Palace,FWD,9,2,0,0,2,true,1.942964792251587,0.9605132089927793,2.4232213967479765,sr:player:937000
Tyrick Mitchell,CRY,Crystal Palace,DEF,3,1,2,0,2,true,1.9847235046327114,3.036134548485279,3.502790778875351,sr:player:1984029
Nicolo Savona,NFO,Nottingham,DEF,37,2,0,0,2,true,1.2354809269309044,0.5944582391530275,1.5327100465074182,sr:player:1984655
Ruben Dias,MCI,Manchester City,DEF,3,2,0,0,2,true,0.43706189282238483,0.42255035135895014,0.6483370685018599,sr:player:318941
Sasa Lukic,IPS,Ipswich,MID,,1,2,0,2,false,2.339236881583929,2.163257449865341,3.4208656065165997,sr:player:280823
Pedro Porro,TOT,Tottenham,DEF,23,1,2,0,2,true,1.4028917597606778,4.247651634737849,3.5267175771296024,sr:player:1363568
Ao Tanaka,LEE,Leeds United,MID,22,2,0,0,2,true,2.1981850005686283,1.3577267043292522,2.8770483527332544,sr:player:772795
Joe Rodon,LEE,Leeds United,DEF,6,2,0,0,2,true,1.8460459671914577,0.4614792335778475,2.0767855839803815,sr:player:948750
Jaka Bijol,LEE,Leeds United,DEF,15,1,2,0,2,true,0.718483354896307,1.399182764813304,1.418074737302959,sr:player:1233436
Harry Maguire,MUN,Manchester United,DEF,5,1,2,0,2,true,1.1766096334904432,0.7251138463616371,1.5391665566712618,sr:player:149380
Youri Tielemans,MUN,Manchester United,MID,18,0,4,0,2,true,1.8399642640724778,2.9822675781324506,3.331098053138703,sr:player:331737
Kobbie Mainoo,MUN,Manchester United,MID,37,1,2,0,2,true,0.5174760585650802,1.1900591785088181,1.1125056478194892,sr:player:2264945
Maxence Lacroix,CFC,Chelsea,DEF,,1,2,0,2,true,3.006834846921265,1.2868863735347986,3.6502780336886644,sr:player:1132173
Dan Burn,NEW,Newcastle,DEF,33,1,2,0,2,true,0.9214910920709372,0.4085770333185792,1.1257796087302268,sr:player:99090
Tammy Abraham,AVL,Aston Villa,FWD,18,2,0,0,2,true,2.0484648095443845,0.1292063184082508,2.11306796874851,sr:player:610766
Amadou Onana,AVL,Aston Villa,MID,24,2,0,0,2,true,2.772524105384946,0.5039298757910728,3.0244890432804823,sr:player:1402475
Evann Guessand,AVL,Aston Villa,FWD,29,1,2,0,2,true,1.8542680740356445,1.2377337515354156,2.4731349498033524,sr:player:1428491
Riccardo Calafiori,ARS,Arsenal,DEF,33,1,2,0,2,true,3.469513338059187,0.6484237592667341,3.793725217692554,sr:player:1297524
Tom Cairney,FUL,Fulham,MID,10,2,0,0,2,true,0.8124629594385624,0.6888010948896408,1.1568635068833828,sr:player:82566
Josh King,FUL,Fulham,DEF,24,1,2,0,2,true,3.79960710555315,1.0395643608644605,4.31938928598538,sr:player:1973247
Curtis Jones,LFC,Liverpool,MID,17,1,2,0,2,true,2.4063171884045005,2.8340956876054406,3.823365032207221,sr:player:1298510
Yehor Yarmoliuk,BRE,Brentford,MID,18,1,2,0,2,true,1.3752933973446488,1.2573875626549125,2.003987178672105,sr:player:1858626
Ryan Christie,BOU,Bournemouth,MID,10,2,0,0,2,true,1.7907362105324864,1.6195761244744062,2.6005242727696896,sr:player:322391
Justin Kluivert,BOU,Bournemouth,MID,19,2,0,0,2,true,2.293420127592981,2.294822184368968,3.440831219777465,sr:player:934234
Nicolas Dominguez,NFO,Nottingham,MID,16,1,1,0,1.5,true,1.01239497307688,1.2798706572502851,1.6523303017020226,sr:player:1103661
Dan Ndoye,NFO,Nottingham,FWD,14,1,1,0,1.5,true,1.1724078450351954,1.552884567528963,1.948850128799677,sr:player:1556269
Savinho,MCI,Manchester City,MID,26,1,1,0,1.5,true,3.2695208471268415,0.9313512817025185,3.7351964879781008,sr:player:2057939
Stefanos Tzimas,BRI,Brighton,FWD,9,1,1,0,1.5,true,0.6250067912042141,0.3843204230070114,0.8171670027077198,sr:player:2505175
Brajan Gruda,BRI,Brighton,MID,8,1,1,0,1.5,true,1.772459496743977,1.2154594017192721,2.380189197603613,sr:player:2541095
Rodrigo Bentancur,TOT,Tottenham,MID,30,1,1,0,1.5,true,0.9771954659372568,0.8773890770971775,1.4158900044858456,sr:player:810644
Conor Gallagher,TOT,Tottenham,MID,8,1,1,0,1.5,true,1.512411999516189,0.8551288228482008,1.9399764109402895,sr:player:1297742
Ethan Ampadu,LEE,Leeds United,DEF,4,1,1,0,1.5,true,1.946105619892478,1.1763546681031585,2.5342829539440572,sr:player:974231
Ilia Gruev,LEE,Leeds United,MID,44,0,3,0,1.5,true,0.7337606139481068,1.4936000779271126,1.480560652911663,sr:player:1065580
Luke Shaw,MUN,Manchester United,DEF,23,1,1,0,1.5,true,0.5988588444888592,1.4936611289158463,1.3456894089467824,sr:player:190839
Yoane Wissa,NEW,Newcastle,FWD,9,1,1,0,1.5,true,3.2381826024502516,0.16953905671834946,3.3229521308094263,sr:player:871210
Lewis Hall,NEW,Newcastle,DEF,3,1,1,0,1.5,true,1.28814219776541,2.5339094949886203,2.55509694525972,sr:player:2249331
Joao Gomes,AVL,Aston Villa,MID,35,1,1,0,1.5,true,1.2462569223716855,1.441765757277608,1.9671398010104895,sr:player:2014161
Omar Alderete,SUN,Sunderland,DEF,15,1,1,0,1.5,true,1.5455667236819863,0.6074565481394529,1.8492949977517128,sr:player:795808
Trai Hume,SUN,Sunderland,DEF,32,2,1,1,1.5,true,2.7079745400696993,2.0842118076980114,3.750080443918705,sr:player:1642848
Simon Adingra,SUN,Sunderland,FWD,24,1,1,0,1.5,true,0.33560439944267273,0.7323711905628443,0.7017899947240949,sr:player:2142670
Chris Rigg,SUN,Sunderland,MID,11,1,1,0,1.5,true,0.8001006729900837,1.1892294473946095,1.3947153966873884,sr:player:2532601
Kevin,FUL,Fulham,FWD,22,1,1,0,1.5,true,1.334008033387363,1.2403811980038881,1.954198632389307,sr:player:2148734
Jake O'Brien,EVE,Everton,DEF,15,1,1,0,1.5,true,1.3068652302026749,0.7244354635477066,1.6690829619765282,sr:player:1645136
Nathan Collins,BRE,Brentford,DEF,22,1,3,1,1.5,true,2.917149268090725,2.4296576268970966,4.131978081539273,sr:player:1069190
Chris Richards,CRY,Crystal Palace,DEF,26,1,0,0,1,true,1.7814537715166807,0.4875335106626153,2.0252205268479884,sr:player:1512315
Justin Devenny,CRY,Crystal Palace,MID,55,1,0,0,1,true,2.2452754601836205,0.33247873187065125,2.411514826118946,sr:player:2325471
Ryan Yates,NFO,Nottingham,MID,22,0,2,0,1,true,0.674801416695118,0.22749154455959797,0.7885471889749169,sr:player:1014789
Dilane Bakwa,NFO,Nottingham,FWD,29,0,2,0,1,true,0.7644308656454086,1.2161817625164986,1.372521746903658,sr:player:1422017
Morato,NFO,Nottingham,DEF,4,1,0,0,1,true,1.8853958677500486,0.09368901792913675,1.932240376714617,sr:player:1888546
Rodri,MCI,Manchester City,MID,16,1,0,0,1,true,1.1884781727567315,2.2761295437812805,2.3265429446473718,sr:player:844073
Rayan Ait-Nouri,MCI,Manchester City,DEF,21,0,2,0,1,true,0.4981528613716364,1.7330033089965582,1.3646545158699155,sr:player:1432949
Nicolas Gonzalez,MCI,Manchester City,MID,14,1,0,0,1,true,0.6088060820475221,0.8885113457217813,1.0530617549084127,sr:player:1600852
Lewis Dunk,BRI,Brighton,DEF,5,1,0,0,1,true,1.3368871174752712,0.5454101115465164,1.6095921732485294,sr:player:115365
Ferdi Kadioglu,BRI,Brighton,DEF,24,1,0,0,1,true,2.019620954990387,2.244557812809944,3.141899861395359,sr:player:934224
Matt O'Riley,BRI,Brighton,MID,33,1,0,0,1,true,1.139720857143402,0.14959949534386396,1.214520604815334,sr:player:1245272
Issa Diop,IPS,Ipswich,DEF,6,1,0,0,1,false,0.4416985362768173,0,0.4416985362768173,sr:player:361320
Florentino,IPS,Ipswich,MID,,0,2,0,1,false,1.0381876304745674,0.5375469047576189,1.3069610828533769,sr:player:936366
Ben Davies,TOT,Tottenham,DEF,33,1,0,0,1,true,0.7982581853866577,0.024737762287259102,0.8106270665302873,sr:player:94758
Andy Robertson,TOT,Tottenham,DEF,3,1,0,0,1,true,1.047316076233983,1.5095006115734577,1.802066382020712,sr:player:262911
Sandro Tonali,TOT,Tottenham,MID,16,0,2,0,1,true,1.4170023752376437,3.7605556417256594,3.2972801961004734,sr:player:1265128
Wilson Odobert,TOT,Tottenham,FWD,28,0,2,0,1,true,2.460178238339722,1.9524234533309937,3.436389965005219,sr:player:2239979
Matthijs de Ligt,MUN,Manchester United,DEF,4,1,0,0,1,true,1.3233719654381275,0.4281761646270752,1.5374600477516651,sr:player:815732
Andrey Santos,MUN,Manchester United,MID,17,1,0,0,1,true,2.5551512390375137,0.6883775070309639,2.8993399925529957,sr:player:2284455
Liam Delap,CFC,Chelsea,FWD,9,1,0,0,1,true,5.030099527910352,0.16925495117902756,5.1147270034998655,sr:player:1886706
Jamie Gittens,CFC,Chelsea,FWD,11,0,2,0,1,true,0.8924727980047464,0.978217288851738,1.3815814424306154,sr:player:2265039
Josh Acheampong,CFC,Chelsea,DEF,34,1,0,0,1,true,0.6709242314100266,0.137966588139534,0.7399075254797935,sr:player:2464223
Joe Willock,NEW,Newcastle,MID,28,0,2,0,1,true,1.3859424609690905,2.0978056583553553,2.434845290146768,sr:player:937002
William Saliba,ARS,Arsenal,DEF,2,1,0,0,1,true,1.5777585953474045,1.306027840822935,2.230772515758872,sr:player:1513599
Piero Hincapie,ARS,Arsenal,DEF,5,1,2,1,1,true,0.4126348299905658,2.1274072602391243,1.476338460110128,sr:player:1852832
Max Dowman,ARS,Arsenal,MID,56,1,0,0,1,true,0.6690445654094219,0.6337551325559616,0.9859221316874027,sr:player:2862771
Kenny Tete,FUL,Fulham,DEF,2,1,0,0,1,true,0.728774206712842,0.9490535911172628,1.2033010022714734,sr:player:190877
Harrison Reed,FUL,Fulham,MID,6,1,0,0,1,true,0.08659443259239197,0.4029217101633549,0.2880552876740694,sr:player:365802
Antonee Robinson,FUL,Fulham,DEF,33,1,0,0,1,true,0.977246874012053,1.090028055012226,1.522260901518166,sr:player:867054
Calvin Bassey,FUL,Fulham,DEF,3,1,0,0,1,true,1.1909357141703367,0.4309475254267454,1.4064094768837094,sr:player:1055149
Joe Gomez,LFC,Liverpool,DEF,2,0,2,0,1,true,0.1996985450387001,1.2491662725806236,0.8242816813290119,sr:player:318927
Jeremie Frimpong,LFC,Liverpool,DEF,30,0,2,0,1,true,0.514072947204113,2.69134059548378,1.859743244946003,sr:player:1299404
Jarrad Branthwaite,EVE,Everton,MID,32,1,0,0,1,true,0.3099620118737221,0.37322589941322803,0.4965749615803361,sr:player:1720484
Merlin Rohl,EVE,Everton,MID,34,1,0,0,1,true,0.5586705394089222,0.36098963394761086,0.7391653563827276,sr:player:2102914
Tim Iroegbunam,EVE,Everton,MID,42,0,2,0,1,true,0.5109043149277568,1.847727376036346,1.4347680029459298,sr:player:2161262
Sepp Van den Berg,BRE,Brentford,DEF,4,0,2,0,1,true,3.3328840751200914,2.197148658335209,4.431458404287696,sr:player:1404425
Fabio Carvalho,BRE,Brentford,MID,14,1,0,0,1,true,0.6895682029426098,0,0.6895682029426098,sr:player:2074545
Adam Smith,BOU,Bournemouth,DEF,15,0,2,0,1,true,0,0.4984638234600425,0.24923191173002124,sr:player:44566
Enes Unal,BOU,Bournemouth,FWD,26,1,0,0,1,true,2.326274909079075,0.28412628173828125,2.4683380499482155,sr:player:336655
Alex Jimenez,BOU,Bournemouth,DEF,,1,0,0,1,true,1.210428036749363,1.7028822358697653,2.0618691546842456,sr:player:2269309
Daichi Kamada,CRY,Crystal Palace,MID,18,0,1,0,0.5,true,1.4871895518153906,2.585762256756425,2.780070680193603,sr:player:827253
Dwight McNeil,CRY,Crystal Palace,MID,,0,1,0,0.5,true,1.4632735215127468,1.7390878200531006,2.332817431539297,sr:player:1484502
Chadi Riad,CRY,Crystal Palace,DEF,34,0,1,0,0.5,true,0.27994551230221987,0.42769163846969604,0.4937913315370679,sr:player:2070773
Frank Onyeka,COV,Coventry,MID,16,0,1,0,0.5,false,0,0.3706037104129791,0.18530185520648956,sr:player:959744
Ola Aina,NFO,Nottingham,DEF,34,0,1,0,0.5,true,0.40960373170673847,0.34134200774133205,0.5802747355774045,sr:player:284421
James McAtee,NFO,Nottingham,MID,24,0,1,0,0.5,true,0.19975193310528994,0.8618234768509865,0.6306636715307832,sr:player:2221700
Mateo Kovacic,MCI,Manchester City,MID,8,0,1,0,0.5,true,0.09216287732124329,0.4274698607623577,0.30589780770242214,sr:player:136710
Rico Lewis,MCI,Manchester City,DEF,82,0,1,0,0.5,true,0.13658001273870468,1.5545267909765244,0.9138434082269669,sr:player:2246775
Olivier Boscagli,BRI,Brighton,DEF,21,0,1,0,0.5,true,0.02071521058678627,0.1475827321410179,0.09450657665729523,sr:player:545968
Pascal Struijk,BRI,Brighton,DEF,,0,1,0,0.5,true,2.967387342825532,1.093722109682858,3.514248397666961,sr:player:978125
Destiny Udogie,TOT,Tottenham,DEF,13,0,1,0,0.5,true,0.21846551168709993,1.1220016870647669,0.7794663552194834,sr:player:1722002
Gnonto Wilfried,LEE,Leeds United,FWD,29,0,1,0,0.5,true,0.43765057995915413,1.2471250221133232,1.0612130910158157,sr:player:1949774
Wesley Fofana,CFC,Chelsea,DEF,29,0,1,0,0.5,true,0.5401721596717834,0.658527560532093,0.86943593993783,sr:player:1402953
Robert Sanchez,CFC,Chelsea,GK,1,0,1,0,0.5,true,0,0.8848487213253975,0.44242436066269875,sr:player:1500083
Marc Guiu,CFC,Chelsea,FWD,38,0,1,0,0.5,true,2.5071037635207176,0.7587333768606186,2.886470451951027,sr:player:2463239
Tino Livramento,NEW,Newcastle,DEF,21,0,1,0,0.5,true,0.15228571370244026,0.6162818782031536,0.46042665280401707,sr:player:1643746
Anthony Elanga,NEW,Newcastle,FWD,19,0,1,0,0.5,true,1.4534468036144972,1.7495205141603947,2.3282070606946945,sr:player:1718666
Victor Lindelof,AVL,Aston Villa,DEF,3,0,1,0,0.5,true,0.15612759068608284,0.5980998799204826,0.45517753064632416,sr:player:143334
Emiliano Martinez,AVL,Aston Villa,GK,23,0,1,0,0.5,true,0,0.35384001582860947,0.17692000791430473,sr:player:158263
Leon Bailey,AVL,Aston Villa,FWD,31,0,1,0,0.5,true,0.7073369584977627,1.1167646050453186,1.265719261020422,sr:player:883594
Ezri Konsa,AVL,Aston Villa,DEF,4,0,1,0,0.5,true,1.0740509293973446,0.6014871783554554,1.3747945185750723,sr:player:942488
Ian Maatsen,AVL,Aston Villa,DEF,22,0,1,0,0.5,true,1.2995175179094076,2.966688236221671,2.782861636020243,sr:player:1613022
Luke O'Nien,SUN,Sunderland,MID,13,0,1,0,0.5,true,0.2098914235830307,0.10624478757381439,0.2630138173699379,sr:player:365812
Reinildo Mandava,SUN,Sunderland,DEF,17,0,1,0,0.5,true,0.1700047692283988,0.29589132592082024,0.3179504321888089,sr:player:929870
Noah Sadiki,SUN,Sunderland,MID,27,0,1,0,0.5,true,1.618839449249208,0.9295975510030985,2.083638224750757,sr:player:2337853
Reiss Nelson,ARS,Arsenal,FWD,24,0,1,0,0.5,true,0.9007361251860857,0.05902205780148506,0.9302471540868282,sr:player:936316
Ben White,ARS,Arsenal,DEF,4,0,1,0,0.5,true,0.28292371705174446,1.557781394571066,1.0618144143372774,sr:player:1015179
Joachim Andersen,FUL,Fulham,DEF,5,0,1,0,0.5,true,1.6593082277104259,0.5809159595519304,1.949766207486391,sr:player:362682
Rodrigo Muniz,FUL,Fulham,FWD,9,1,1,1,0.5,true,4.545291785150766,0.9614864559844136,5.026035013142973,sr:player:1557191
Oscar Bobb,FUL,Fulham,MID,14,0,1,0,0.5,true,1.4291031155735254,2.017092976719141,2.437649603933096,sr:player:1956474
Wataru Endo,LFC,Liverpool,MID,3,0,1,0,0.5,true,0.06196111440658569,0.13890482485294342,0.1314135268330574,sr:player:143040
Conor Bradley,LFC,Liverpool,DEF,12,0,1,0,0.5,true,0.21982916723936796,1.1937107481062412,0.8166845412924886,sr:player:1939996
Carlos Alcaraz,EVE,Everton,MID,24,0,1,0,0.5,true,1.0087895719334483,1.21384940110147,1.6157142724841833,sr:player:2005163
Kristoffer Ajer,BRE,Brentford,DEF,20,0,1,0,0.5,true,1.053914662450552,0.9042857214808464,1.5060575231909752,sr:player:576384
Rico Henry,BRE,Brentford,DEF,3,0,1,0,0.5,true,0.14565920177847147,0.31617192178964615,0.30374516267329454,sr:player:599128
Michael Kayode,BRE,Brentford,DEF,33,1,1,1,0.5,true,1.169110944494605,3.184721387922764,2.761471638455987,sr:player:2164250
Lewis Cook,BOU,Bournemouth,MID,4,0,1,0,0.5,true,0.05964579712599516,0.3469301499426365,0.2331108720973134,sr:player:548188
Ben Gannon-Doak,BOU,Bournemouth,FWD,11,0,1,0,0.5,true,0.44585083425045013,0.45716217160224915,0.6744319200515747,sr:player:2281013
Will Hughes,CRY,Crystal Palace,MID,19,0,0,0,0,true,1.2812513932585716,1.9265618100762367,2.24453229829669,sr:player:193554
Walter Benitez,CRY,Crystal Palace,GK,44,0,0,0,0,true,0,0,0,sr:player:249859
Dean Henderson,CRY,Crystal Palace,GK,1,0,0,0,0,true,0,0.015475641936063766,0.007737820968031883,sr:player:353202
Borna Sosa,CRY,Crystal Palace,DEF,24,0,0,0,0,true,0.039044611155986786,0.076265724375844,0.07717747334390879,sr:player:357584
Remi Matthews,CRY,Crystal Palace,GK,31,0,0,0,0,true,,,,sr:player:581610
Takehiro Tomiyasu,CRY,Crystal Palace,DEF,17,0,0,0,0,true,,,,sr:player:772819
Oscar Mingueza,CRY,Crystal Palace,DEF,30,0,0,0,0,true,,,,sr:player:1057441
Cheick Oumar Doucoure,CRY,Crystal Palace,MID,28,0,0,0,0,true,,,,sr:player:1322160
Tayo Adaramola,CRY,Crystal Palace,DEF,45,0,0,0,0,true,,,,sr:player:1986593
Jesuran Rak-Sakyi,CRY,Crystal Palace,MID,49,0,0,0,0,true,,,,sr:player:2144758
Matheus Franca,CRY,Crystal Palace,MID,11,0,0,0,0,true,,,,sr:player:2185650
Joe Whitworth,CRY,Crystal Palace,GK,41,0,0,0,0,true,,,,sr:player:2406993
Owen Goodman,CRY,Crystal Palace,GK,63,0,0,0,0,true,,,,sr:player:2406999
David Ozoh,CRY,Crystal Palace,MID,52,0,0,0,0,true,,,,sr:player:2496427
Romain Esse,CRY,Crystal Palace,MID,21,0,0,0,0,true,0,0,0,sr:player:2530513
Eyimofe Jemide,CRY,Crystal Palace,DEF,,0,0,0,0,true,,,,sr:player:2611329
Charlie Walker-Smith,CRY,Crystal Palace,DEF,,0,0,0,0,true,,,,sr:player:2804693
Jaydee Canvot,CRY,Crystal Palace,DEF,6,0,0,0,0,true,1.5658284928649664,0.0823616674169898,1.6070093265734613,sr:player:2839263
Rio Cardines,CRY,Crystal Palace,FWD,59,0,0,0,0,true,0.01844649203121662,0.2980242371559143,0.16745861060917377,sr:player:2998697
Hindolo Mustapha,CRY,Crystal Palace,MID,59,0,0,0,0,true,,,,sr:player:3035546
Jake Bidwell,COV,Coventry,DEF,21,0,0,0,0,false,,,,sr:player:103115
Ben Wilson,COV,Coventry,GK,13,0,0,0,0,false,,,,sr:player:216590
Matt Grimes,COV,Coventry,MID,6,0,0,0,0,false,,,,sr:player:340713
Jay DaSilva,COV,Coventry,DEF,3,0,0,0,0,false,,,,sr:player:769093
Haji Wright,COV,Coventry,FWD,11,0,0,0,0,false,,,,sr:player:809762
Victor Torp,COV,Coventry,MID,29,0,0,0,0,false,,,,sr:player:944542
Brandon Thomas-Asante,COV,Coventry,FWD,23,0,0,0,0,false,,,,sr:player:1015215
Joel Latibeaudiere,COV,Coventry,DEF,22,0,0,0,0,false,,,,sr:player:1047095
Ephron Mason-Clark,COV,Coventry,FWD,10,0,0,0,0,false,,,,sr:player:1079834
Luke Woolfenden,COV,Coventry,DEF,26,0,0,0,0,false,,,,sr:player:1253756
Liam Kitching,COV,Coventry,DEF,15,0,0,0,0,false,,,,sr:player:1391335
Milan van Ewijk,COV,Coventry,DEF,27,0,0,0,0,false,,,,sr:player:1606440
Tatsuhiro Sakamoto,COV,Coventry,MID,7,0,0,0,0,false,,,,sr:player:1708063
Jack Rudoni,COV,Coventry,MID,5,0,0,0,0,false,,,,sr:player:1720482
Oliver Dovin,COV,Coventry,GK,1,0,0,0,0,false,,,,sr:player:1724722
Josh Eccles,COV,Coventry,MID,28,0,0,0,0,false,,,,sr:player:1836834
Raphael Rodrigues,COV,Coventry,MID,17,0,0,0,0,false,,,,sr:player:1880202
Aurele Amenda,COV,Coventry,DEF,,0,0,0,0,false,,,,sr:player:1953496
Bobby Thomas,COV,Coventry,DEF,4,0,0,0,0,false,,,,sr:player:2047569
Kaine Hayden,COV,Coventry,DEF,20,0,0,0,0,false,,,,sr:player:2052337
Ellis Simms,COV,Coventry,FWD,9,0,0,0,0,false,,,,sr:player:2052913
Miguel Angel Brau,COV,Coventry,DEF,33,0,0,0,0,false,,,,sr:player:2161468
Carl Rushworth,COV,Coventry,GK,,0,0,0,0,false,,,,sr:player:2186020
Norman Bassette,COV,Coventry,FWD,37,0,0,0,0,false,,,,sr:player:2210824
Callum Perry,COV,Coventry,DEF,41,0,0,0,0,false,,,,sr:player:2660269
Kai Andrews,COV,Coventry,MID,54,0,0,0,0,false,,,,sr:player:2661553
Caleb Yirenkyi,COV,Coventry,MID,,0,0,0,0,false,,,,sr:player:2828671
Matz Sels,NFO,Nottingham,GK,26,0,0,0,0,true,0,0,0,sr:player:78152
Xaver Schlager,NFO,Nottingham,MID,21,0,0,0,0,true,,,,sr:player:355504
John Victor,NFO,Nottingham,GK,13,0,0,0,0,true,0,0,0,sr:player:992007
Omar Richards,NFO,Nottingham,DEF,27,0,0,0,0,true,,,,sr:player:1249404
Arnaud Kalimuendo,NFO,Nottingham,FWD,15,0,0,0,0,true,0.25108829140663147,0.011348750442266464,0.2567626666277647,sr:player:1600884
Luca Netz,NFO,Nottingham,DEF,25,0,0,0,0,true,0,0.09805777668952942,0.04902888834476471,sr:player:1718626
Jota Silva,NFO,Nottingham,FWD,20,0,0,0,0,true,0,0,0,sr:player:2068145
Ousmane Diomande,NFO,Nottingham,DEF,2,0,0,0,0,true,,,,sr:player:2298655
Cuiabano,NFO,Nottingham,DEF,33,0,0,0,0,true,,,,sr:player:2387743
Jair Cunha,NFO,Nottingham,DEF,23,0,0,0,0,true,0.4848349690437317,0.07878735661506653,0.524228647351265,sr:player:2407025
Gustavo Sa,NFO,Nottingham,MID,,0,0,0,0,true,,,,sr:player:2417945
Zach Abbott,NFO,Nottingham,DEF,44,0,0,0,0,true,0,0,0,sr:player:2426393
Eric da Silva Moreira,NFO,Nottingham,DEF,17,0,0,0,0,true,,,,sr:player:2610745
Aaron Bott,NFO,Nottingham,GK,63,0,0,0,0,true,,,,sr:player:2653119
Tyler Bindon,NFO,Nottingham,DEF,64,0,0,0,0,true,,,,sr:player:2659093
Lamin Sillah,NFO,Nottingham,FWD,45,0,0,0,0,true,,,,sr:player:2891403
Jimmy Sinclair,NFO,Nottingham,MID,61,0,0,0,0,true,,,,sr:player:3024884
Archie Whitehall,NFO,Nottingham,MID,51,0,0,0,0,true,,,,sr:player:3024886
Keehan Willows,NFO,Nottingham,GK,67,0,0,0,0,true,,,,sr:player:3062909
Zyan Julius Blake,NFO,Nottingham,FWD,77,0,0,0,0,true,,,,sr:player:3062953
Marcus Bettinelli,MCI,Manchester City,GK,13,0,0,0,0,true,,,,sr:player:257993
Gianluigi Donnarumma,MCI,Manchester City,GK,25,0,0,0,0,true,0,0,0,sr:player:756514
Kalvin Phillips,MCI,Manchester City,MID,44,0,0,0,0,true,,,,sr:player:790679
Issa Kabore,MCI,Manchester City,DEF,78,0,0,0,0,true,,,,sr:player:1869664
Josh Wilson-Esbrand,MCI,Manchester City,DEF,97,0,0,0,0,true,,,,sr:player:2223424
Max Alleyne,MCI,Manchester City,DEF,68,0,0,0,0,true,0.38138192892074585,0.032163284718990326,0.397463571280241,sr:player:2269337
Sverre Nypan,MCI,Manchester City,MID,41,0,0,0,0,true,,,,sr:player:2284895
Abdukodir Khusanov,MCI,Manchester City,DEF,45,0,0,0,0,true,,,,sr:player:2343559
Divin Mubama,MCI,Manchester City,FWD,67,0,0,0,0,true,,,,sr:player:2407071
Jaden Heskey,MCI,Manchester City,FWD,81,0,0,0,0,true,,,,sr:player:2469167
Pierce Charles,MCI,Manchester City,GK,,0,0,0,0,true,,,,sr:player:2490947
Claudio Echeverri,MCI,Manchester City,MID,30,0,0,0,0,true,,,,sr:player:2616751
Mahamadou Sangare,MCI,Manchester City,FWD,71,0,0,0,0,true,,,,sr:player:2691346
Kian Ben Noble,MCI,Manchester City,DEF,90,0,0,0,0,true,,,,sr:player:2698846
Vitor Reis,MCI,Manchester City,DEF,22,0,0,0,0,true,,,,sr:player:2714228
Stephen Mfuni,MCI,Manchester City,DEF,91,0,0,0,0,true,,,,sr:player:2714276
Matthew Henderson-Hall,MCI,Manchester City,,89,0,0,0,0,true,,,,sr:player:2716390
Abdulay Juma Bah,MCI,Manchester City,DEF,,0,0,0,0,true,,,,sr:player:2727424
Charlie Gray,MCI,Manchester City,MID,59,0,0,0,0,true,,,,sr:player:2736017
Divine Mukasa,MCI,Manchester City,MID,63,0,0,0,0,true,0,0.21173159405589104,0.10586579702794552,sr:player:2757599
Jack Wint,MCI,Manchester City,GK,84,0,0,0,0,true,,,,sr:player:2757603
Mathys Detourbet,MCI,Manchester City,FWD,11,0,0,0,0,true,,,,sr:player:2781389
Ryan McAidoo,MCI,Manchester City,MID,56,0,0,0,0,true,,,,sr:player:2781417
Kaden Braithwaite,MCI,Manchester City,DEF,61,0,0,0,0,true,,,,sr:player:2865447
Jeremy Monga,MCI,Manchester City,FWD,40,0,0,0,0,true,,,,sr:player:2941351
Max-Edgar Chabot,MCI,Manchester City,GK,92,0,0,0,0,true,,,,sr:player:3094752
Tyrone Samba,MCI,Manchester City,MID,75,0,0,0,0,true,,,,sr:player:3142884
Xavier Parker,MCI,Manchester City,MID,93,0,0,0,0,true,,,,sr:player:3152900
Jason Steele,BRI,Brighton,GK,23,0,0,0,0,true,,,,sr:player:31867
Igor,BRI,Brighton,DEF,3,0,0,0,0,true,,,,sr:player:1008323
Tom McGill,BRI,Brighton,GK,38,0,0,0,0,true,,,,sr:player:1089756
Michael Svoboda,BRI,Brighton,DEF,,0,0,0,0,true,,,,sr:player:1238640
Costinha,BRI,Brighton,DEF,20,0,0,0,0,true,,,,sr:player:1736595
Evan Ferguson,BRI,Brighton,FWD,28,0,0,0,0,true,,,,sr:player:1951258
Eiran Cashin,BRI,Brighton,DEF,16,0,0,0,0,true,,,,sr:player:1951296
Facundo Buonanotte,BRI,Brighton,MID,40,0,0,0,0,true,0.07509718276560307,0.3006448894739151,0.22541962750256062,sr:player:2184938
Carlos Baleba,BRI,Brighton,MID,17,0,0,0,0,true,0.5733493687584996,0.812482200562954,0.9795904690399766,sr:player:2327301
Amario Cozier-Duberry,BRI,Brighton,FWD,,0,0,0,0,true,,,,sr:player:2439779
Luka Vuskovic,BRI,Brighton,DEF,44,0,0,0,0,true,,,,sr:player:2443361
Tom Watson,BRI,Brighton,FWD,14,0,0,0,0,true,0.024704832583665848,0,0.024704832583665848,sr:player:2535393
James Beadle,BRI,Brighton,GK,,0,0,0,0,true,,,,sr:player:2541799
Ibrahim Osman,BRI,Brighton,FWD,,0,0,0,0,true,,,,sr:player:2557933
Yoon Do-young,BRI,Brighton,MID,,0,0,0,0,true,,,,sr:player:2626579
Rodrigo Rego,BRI,Brighton,FWD,,0,0,0,0,true,,,,sr:player:2692168
Nils Ramming,BRI,Brighton,GK,62,0,0,0,0,true,,,,sr:player:2724258
Malick Yalcouye,BRI,Brighton,MID,35,0,0,0,0,true,,,,sr:player:2733788
Zadok Yohanna,BRI,Brighton,FWD,36,0,0,0,0,true,,,,sr:player:3034660
Jesse Middleton,BRI,Brighton,,56,0,0,0,0,true,,,,sr:player:3237314
David Button,IPS,Ipswich,GK,27,0,0,0,0,false,,,,sr:player:32673
Chuba Akpom,IPS,Ipswich,FWD,29,0,0,0,0,false,,,,sr:player:190867
Christian Walton,IPS,Ipswich,GK,28,0,0,0,0,false,,,,sr:player:198038
Sammie Szmodics,IPS,Ipswich,MID,23,0,0,0,0,false,,,,sr:player:354782
Darnell Furlong,IPS,Ipswich,DEF,19,0,0,0,0,false,,,,sr:player:790671
Alex Palmer,IPS,Ipswich,GK,1,0,0,0,0,false,,,,sr:player:841311
Chiedozie Ogbene,IPS,Ipswich,FWD,21,0,0,0,0,false,,,,sr:player:889444
Dara O'Shea,IPS,Ipswich,DEF,26,0,0,0,0,false,,,,sr:player:934550
Azor Matusiwa,IPS,Ipswich,MID,5,0,0,0,0,false,,,,sr:player:945386
Daizen Maeda,IPS,Ipswich,MID,38,0,0,0,0,false,,,,sr:player:963903
George Hirst,IPS,Ipswich,FWD,9,0,0,0,0,false,,,,sr:player:990237
Kjell Scherpen,IPS,Ipswich,GK,,0,0,0,0,false,,,,sr:player:1054601
Jack Taylor,IPS,Ipswich,MID,14,0,0,0,0,false,,,,sr:player:1064938
Cedric Kipre,IPS,Ipswich,DEF,4,0,0,0,0,false,,,,sr:player:1233088
Ben Johnson,IPS,Ipswich,DEF,18,0,0,0,0,false,,,,sr:player:1372516
Jack Clarke,IPS,Ipswich,FWD,47,0,0,0,0,false,,,,sr:player:1391359
Leif Davis,IPS,Ipswich,DEF,3,0,0,0,0,false,,,,sr:player:1640266
Cieran Slicker,IPS,Ipswich,GK,13,0,0,0,0,false,,,,sr:player:1724684
Jacob Greaves,IPS,Ipswich,DEF,24,0,0,0,0,false,,,,sr:player:1836942
Marcelino Nunez,IPS,Ipswich,MID,32,0,0,0,0,false,,,,sr:player:1997967
Anis Mehmeti,IPS,Ipswich,MID,33,0,0,0,0,false,,,,sr:player:2083961
Harry Clarke,IPS,Ipswich,DEF,2,0,0,0,0,false,,,,sr:player:2085475
Jaden Philogene,IPS,Ipswich,FWD,11,0,0,0,0,false,,,,sr:player:2134236
Abdul Fatawu,IPS,Ipswich,FWD,23,0,0,0,0,false,,,,sr:player:2140422
Emersonn Da Silva,IPS,Ipswich,FWD,15,0,0,0,0,false,,,,sr:player:2184518
Cameron Humphreys,IPS,Ipswich,MID,30,0,0,0,0,false,,,,sr:player:2201924
Sindre Walle Egeli,IPS,Ipswich,FWD,8,0,0,0,0,false,,,,sr:player:2243253
Ali Alhamadi,IPS,Ipswich,FWD,16,0,0,0,0,false,,,,sr:player:2253611
Somto Boniface,IPS,Ipswich,DEF,48,0,0,0,0,false,,,,sr:player:2253839
Tudor Mendel-Idowu,IPS,Ipswich,MID,35,0,0,0,0,false,,,,sr:player:2253935
Kasey McAteer,IPS,Ipswich,MID,20,0,0,0,0,false,,,,sr:player:2274991
Kayne Van Oevelen,IPS,Ipswich,GK,31,0,0,0,0,false,,,,sr:player:2411725
Frankie Runham,IPS,Ipswich,FWD,39,0,0,0,0,false,,,,sr:player:2464227
Luca Fletcher,IPS,Ipswich,FWD,37,0,0,0,0,false,,,,sr:player:2714266
Finley Barbrook,IPS,Ipswich,MID,36,0,0,0,0,false,,,,sr:player:2836831
Woody Williamson,IPS,Ipswich,GK,27,0,0,0,0,false,,,,sr:player:3235620
Charlie Compton,IPS,Ipswich,,34,0,0,0,0,false,,,,sr:player:3235622
Martin Dubravka,TOT,Tottenham,GK,39,0,0,0,0,true,0,0,0,sr:player:42209
James Maddison,TOT,Tottenham,MID,10,0,0,0,0,true,0.5459706783294678,0,0.5459706783294678,sr:player:356398
Guglielmo Vicario,TOT,Tottenham,GK,1,0,0,0,0,true,0,0.07186521589756012,0.03593260794878006,sr:player:553606
Kevin Danso,TOT,Tottenham,DEF,4,0,0,0,0,true,0.5242262706160545,0.1586722880601883,0.6035624146461487,sr:player:803610
Brandon Austin,TOT,Tottenham,GK,40,0,0,0,0,true,,,,sr:player:1058637
Dejan Kulusevski,TOT,Tottenham,MID,21,0,0,0,0,true,,,,sr:player:1065654
Djed Spence,TOT,Tottenham,DEF,24,0,0,0,0,true,1.1351130530238152,1.8603137182071805,2.0652699121274054,sr:player:1564490
Radu Dragusin,TOT,Tottenham,DEF,3,0,0,0,0,true,0.2077605351805687,0,0.2077605351805687,sr:player:1642306
Antonin Kinsky,TOT,Tottenham,GK,31,0,0,0,0,true,0,0,0,sr:player:1726752
Dane Scarlett,TOT,Tottenham,FWD,44,0,0,0,0,true,0,0,0,sr:player:1939870
Ashley Phillips,TOT,Tottenham,DEF,35,0,0,0,0,true,,,,sr:player:2284353
Kota Takai,TOT,Tottenham,DEF,25,0,0,0,0,true,,,,sr:player:2298329
Jamie Donley,TOT,Tottenham,FWD,43,0,0,0,0,true,,,,sr:player:2438217
Alfie Dorrington,TOT,Tottenham,DEF,48,0,0,0,0,true,,,,sr:player:2439481
Mikey Moore,TOT,Tottenham,FWD,47,0,0,0,0,true,,,,sr:player:2439499
Damola Ajayi,TOT,Tottenham,FWD,63,0,0,0,0,true,,,,sr:player:2439511
Tyrese Hall,TOT,Tottenham,MID,49,0,0,0,0,true,,,,sr:player:2443355
Callum Olusesi,TOT,Tottenham,MID,52,0,0,0,0,true,0,0,0,sr:player:2463947
Yusuf Akhamrich,TOT,Tottenham,FWD,70,0,0,0,0,true,,,,sr:player:2487253
George Abbott,TOT,Tottenham,MID,50,0,0,0,0,true,,,,sr:player:2592911
Mason Melia,TOT,Tottenham,FWD,55,0,0,0,0,true,,,,sr:player:2610633
Yang Min-hyeok,TOT,Tottenham,MID,59,0,0,0,0,true,,,,sr:player:2626595
Souza,TOT,Tottenham,DEF,38,0,0,0,0,true,0.011544901877641678,0.20236201584339142,0.11272590979933739,sr:player:2714232
Reiss Denny,TOT,Tottenham,MID,53,0,0,0,0,true,,,,sr:player:2720828
Rio Kyerematen,TOT,Tottenham,MID,57,0,0,0,0,true,,,,sr:player:2807271
Jun'ai Byfield,TOT,Tottenham,DEF,67,0,0,0,0,true,0,0,0,sr:player:2836853
Luca Williams-Barnet,TOT,Tottenham,FWD,68,0,0,0,0,true,,,,sr:player:2891569
Malachi Hardy,TOT,Tottenham,DEF,66,0,0,0,0,true,,,,sr:player:2901535
James Rowswell,TOT,Tottenham,DEF,76,0,0,0,0,true,0,0,0,sr:player:3029350
Harry Byrne,TOT,Tottenham,DEF,78,0,0,0,0,true,,,,sr:player:3066501
Tyler Tingey,TOT,Tottenham,DEF,88,0,0,0,0,true,,,,sr:player:3066507
Tye Hall,TOT,Tottenham,MID,89,0,0,0,0,true,,,,sr:player:3083648
Alex Cairns,LEE,Leeds United,GK,21,0,0,0,0,true,,,,sr:player:162417
Sam Byram,LEE,Leeds United,DEF,25,0,0,0,0,true,0,0,0,sr:player:254713
Daniel James,LEE,Leeds United,FWD,7,0,0,0,0,true,0.799863189458847,0.4895355738699436,1.0446309763938189,sr:player:355520
Sebastiaan Bornauw,LEE,Leeds United,DEF,33,0,0,0,0,true,0.1316642463207245,0,0.1316642463207245,sr:player:936428
Joel Piroe,LEE,Leeds United,FWD,10,0,0,0,0,true,1.0837035588920116,0.08580565452575684,1.12660638615489,sr:player:1058433
Lucas Perri,LEE,Leeds United,GK,1,0,0,0,0,true,0,0,0,sr:player:1121667
Largie Ramazani,LEE,Leeds United,FWD,17,0,0,0,0,true,,,,sr:player:1297422
Joe Gelhardt,LEE,Leeds United,FWD,30,0,0,0,0,true,,,,sr:player:1564534
James Trafford,LEE,Leeds United,GK,1,0,0,0,0,true,0,0,0,sr:player:1724642
Tarik Muharemovic,LEE,Leeds United,DEF,5,0,0,0,0,true,,,,sr:player:2150256
Charlie Crew,LEE,Leeds United,MID,50,0,0,0,0,true,,,,sr:player:2256197
Rory Mahady,LEE,Leeds United,GK,49,0,0,0,0,true,,,,sr:player:2355125
Mateo Joseph,LEE,Leeds United,FWD,19,0,0,0,0,true,,,,sr:player:2491027
Sam Chambers,LEE,Leeds United,MID,42,0,0,0,0,true,,,,sr:player:2846515
Harry Gray,LEE,Leeds United,FWD,45,0,0,0,0,true,,,,sr:player:2974627
Rhys Chadwick,LEE,Leeds United,MID,47,0,0,0,0,true,,,,sr:player:3024882
Ollie Pickles,LEE,Leeds United,MID,95,0,0,0,0,true,,,,sr:player:3100418
Jayden Lienou,LEE,Leeds United,DEF,65,0,0,0,0,true,,,,sr:player:3194754
Alfie Cresswell,LEE,Leeds United,MID,51,0,0,0,0,true,,,,sr:player:3196906
Darryl Ombang,LEE,Leeds United,GK,99,0,0,0,0,true,,,,sr:player:3234706
Freddie Lane,LEE,Leeds United,DEF,98,0,0,0,0,true,,,,sr:player:3234708
Callum Mills,LEE,Leeds United,MID,72,0,0,0,0,true,,,,sr:player:3234710
Tom Heaton,MUN,Manchester United,GK,22,0,0,0,0,true,,,,sr:player:18122
Karl Darlow,MUN,Manchester United,GK,12,0,0,0,0,true,0,0,0,sr:player:123689
Andre Onana,MUN,Manchester United,GK,24,0,0,0,0,true,0.5156588805839419,1.24783924408257,1.139578502625227,sr:player:772389
Marcus Rashford,MUN,Manchester United,FWD,10,0,0,0,0,true,,,,sr:player:903830
Altay Bayindir,MUN,Manchester United,GK,1,0,0,0,0,true,0,0.2939172387123108,0.1469586193561554,sr:player:909328
Noussair Mazraoui,MUN,Manchester United,DEF,3,0,0,0,0,true,0.19680644385516644,0.2094872146844864,0.30155005119740963,sr:player:943506
Manuel Ugarte,MUN,Manchester United,MID,25,0,0,0,0,true,0.8379190387204289,0.12879487127065659,0.9023164743557572,sr:player:1016803
Senne Lammens,MUN,Manchester United,GK,1,0,0,0,0,true,0,0,0,sr:player:1624320
Dermot Mee,MUN,Manchester United,GK,45,0,0,0,0,true,,,,sr:player:1722064
Leny Yoro,MUN,Manchester United,DEF,15,0,0,0,0,true,1.2473983131349087,0.2197452150285244,1.3572709206491709,sr:player:2264779
Habeeb Ogunneye,MUN,Manchester United,DEF,66,0,0,0,0,true,,,,sr:player:2271089
Daniel Gore,MUN,Manchester United,MID,44,0,0,0,0,true,,,,sr:player:2271105
Ethan Williams,MUN,Manchester United,FWD,,0,0,0,0,true,,,,sr:player:2271115
Harry Amass,MUN,Manchester United,DEF,41,0,0,0,0,true,,,,sr:player:2534697
Toby Collyer,MUN,Manchester United,MID,43,0,0,0,0,true,,,,sr:player:2651045
Elyh Harrison,MUN,Manchester United,GK,50,0,0,0,0,true,,,,sr:player:2691738
Ethan Wheatley,MUN,Manchester United,FWD,36,0,0,0,0,true,,,,sr:player:2691742
Shea Lacey,MUN,Manchester United,MID,46,0,0,0,0,true,0.08230249583721161,0,0.08230249583721161,sr:player:2691744
Chido Obi-Martin,MUN,Manchester United,FWD,32,0,0,0,0,true,,,,sr:player:2711836
Sekou Kone,MUN,Manchester United,DEF,42,0,0,0,0,true,,,,sr:player:2718580
Tyler Fletcher,MUN,Manchester United,MID,39,0,0,0,0,true,0,0,0,sr:player:2724190
Jack Fletcher,MUN,Manchester United,MID,38,0,0,0,0,true,0.037386249750852585,0.11487564817070961,0.09482407383620739,sr:player:2736255
Bendito Mantato,MUN,Manchester United,MID,70,0,0,0,0,true,0,0.03647809848189354,0.01823904924094677,sr:player:2758635
Diego Leon,MUN,Manchester United,DEF,35,0,0,0,0,true,,,,sr:player:2828307
Jacob Devaney,MUN,Manchester United,MID,,0,0,0,0,true,,,,sr:player:2883981
Godwill Kukonki,MUN,Manchester United,DEF,72,0,0,0,0,true,,,,sr:player:2883983
Reece Munro,MUN,Manchester United,DEF,65,0,0,0,0,true,,,,sr:player:2883987
Daniel Armer,MUN,Manchester United,DEF,69,0,0,0,0,true,,,,sr:player:2883991
Jim Alec Joseph Thwaites,MUN,Manchester United,MID,77,0,0,0,0,true,,,,sr:player:2910959
Enzo Kana-Biyik,MUN,Manchester United,FWD,,0,0,0,0,true,,,,sr:player:2917995
Jack Moorhouse,MUN,Manchester United,MID,48,0,0,0,0,true,,,,sr:player:2945825
Tynan Thompson,MUN,Manchester United,FWD,27,0,0,0,0,true,,,,sr:player:3049309
JJ Gabriel,MUN,Manchester United,FWD,77,0,0,0,0,true,,,,sr:player:3234536
Fred Heath,MUN,Manchester United,GK,71,0,0,0,0,true,,,,sr:player:3239926
Solomon Honor,MUN,Manchester United,GK,47,0,0,0,0,true,,,,sr:player:3239928
Tosin Adarabioyo,CFC,Chelsea,DEF,4,0,0,0,0,true,0.07241746783256531,0.4159756898880005,0.28040531277656555,sr:player:352668
Benoit Badiashile,CFC,Chelsea,DEF,5,0,0,0,0,true,0,0,0,sr:player:1299814
Mykhailo Mudryk,CFC,Chelsea,FWD,43,0,0,0,0,true,,,,sr:player:1299850
Gaga Slonina,CFC,Chelsea,GK,44,0,0,0,0,true,,,,sr:player:1712859
Levi Colwill,CFC,Chelsea,DEF,6,0,0,0,0,true,0,0,0,sr:player:1947798
Teddy Sharman-Lowe,CFC,Chelsea,GK,28,0,0,0,0,true,,,,sr:player:1981769
Pep Chavarria,CFC,Chelsea,DEF,,0,0,0,0,true,,,,sr:player:2056455
Emanuel Emegha,CFC,Chelsea,FWD,,0,0,0,0,true,,,,sr:player:2064967
Nicolas Jackson,CFC,Chelsea,FWD,15,0,0,0,0,true,,,,sr:player:2084331
David Datro Fofana,CFC,Chelsea,FWD,99,0,0,0,0,true,,,,sr:player:2123150
Dario Essugo,CFC,Chelsea,MID,14,0,0,0,0,true,0,0,0,sr:player:2138640
James Hillson,CFC,Chelsea,GK,,0,0,0,0,true,,,,sr:player:2146722
Valentin Barco,CFC,Chelsea,MID,,0,0,0,0,true,,,,sr:player:2184512
Romeo Lavia,CFC,Chelsea,MID,45,0,0,0,0,true,0.27671280317008495,0.41531437635421753,0.4843699913471937,sr:player:2221794
Teddy Curd,CFC,Chelsea,GK,35,0,0,0,0,true,,,,sr:player:2253819
Omari Kellyman,CFC,Chelsea,FWD,33,0,0,0,0,true,,,,sr:player:2262627
Jorrel Hato,CFC,Chelsea,DEF,21,0,0,0,0,true,0.33830922096967697,0.7095918618142605,0.6931051518768072,sr:player:2268227
Mike Penders,CFC,Chelsea,GK,39,0,0,0,0,true,,,,sr:player:2272129
Caleb Wiley,CFC,Chelsea,DEF,,0,0,0,0,true,,,,sr:player:2288363
Mamadou Sarr,CFC,Chelsea,DEF,19,0,0,0,0,true,0.5694634318351746,0,0.5694634318351746,sr:player:2354191
Max Merrick,CFC,Chelsea,GK,50,0,0,0,0,true,,,,sr:player:2437831
Kendry Paez,CFC,Chelsea,MID,,0,0,0,0,true,,,,sr:player:2558357
Marco Palestra,CFC,Chelsea,DEF,2,0,0,0,0,true,,,,sr:player:2604003
Geovany Quenda,CFC,Chelsea,FWD,47,0,0,0,0,true,,,,sr:player:2610683
Aaron Anselmino,CFC,Chelsea,MID,30,0,0,0,0,true,,,,sr:player:2625033
Ollie Harrison,CFC,Chelsea,MID,79,0,0,0,0,true,,,,sr:player:2714272
Genesis Antwi,CFC,Chelsea,DEF,64,0,0,0,0,true,,,,sr:player:2805309
Dastan Satpaev,CFC,Chelsea,FWD,36,0,0,0,0,true,,,,sr:player:2862375
Denner,CFC,Chelsea,DEF,,0,0,0,0,true,,,,sr:player:2948061
Reggie Walsh,CFC,Chelsea,MID,46,0,0,0,0,true,,,,sr:player:2956109
Landon Emenalo,CFC,Chelsea,MID,56,0,0,0,0,true,,,,sr:player:2973027
Jesse Derry,CFC,Chelsea,MID,55,0,0,0,0,true,0.10014304518699646,0,0.10014304518699646,sr:player:3010141
Olutayo Subuloye,CFC,Chelsea,DEF,37,0,0,0,0,true,,,,sr:player:3083680
Calvin Diakite,CFC,Chelsea,DEF,42,0,0,0,0,true,,,,sr:player:3083696
Mahdi Nicoll-Jazuli,CFC,Chelsea,MID,32,0,0,0,0,true,,,,sr:player:3083792
Reggie Watson,CFC,Chelsea,MID,31,0,0,0,0,true,,,,sr:player:3152402
Fabian Schar,NEW,Newcastle,DEF,5,0,0,0,0,true,0.9631823003292084,0.16267805825918913,1.044521329458803,sr:player:101882
Mark Gillespie,NEW,Newcastle,GK,29,0,0,0,0,true,,,,sr:player:108508
Odysseas Vlachodimos,NEW,Newcastle,GK,19,0,0,0,0,true,,,,sr:player:138149
Nick Pope,NEW,Newcastle,GK,1,0,0,0,0,true,0.13148732483386993,0,0.13148732483386993,sr:player:162653
Sven Botman,NEW,Newcastle,DEF,4,1,0,1,0,true,1.5510299038141966,1.4832177460193634,2.2926387768238783,sr:player:1059315
Harrison Ashby,NEW,Newcastle,DEF,30,0,0,0,0,true,,,,sr:player:1428671
Lukas Hornicek,NEW,Newcastle,GK,21,0,0,0,0,true,,,,sr:player:1503743
Miodrag Pivas,NEW,Newcastle,MID,48,0,0,0,0,true,,,,sr:player:2188496
Alex Murphy,NEW,Newcastle,DEF,37,0,0,0,0,true,0,0,0,sr:player:2306785
Ewen Jaouen,NEW,Newcastle,GK,,0,0,0,0,true,,,,sr:player:2599607
Trevan Sanusi,NEW,Newcastle,FWD,75,0,0,0,0,true,,,,sr:player:2604627
Park Seung-soo,NEW,Newcastle,MID,64,0,0,0,0,true,,,,sr:player:2626617
Aidan Harris,NEW,Newcastle,GK,31,0,0,0,0,true,,,,sr:player:2690038
Adam Harrison,NEW,Newcastle,GK,59,0,0,0,0,true,,,,sr:player:2691196
Dylan Harry Charlton,NEW,Newcastle,DEF,35,0,0,0,0,true,,,,sr:player:2691214
Anthony Munda,NEW,Newcastle,MID,54,0,0,0,0,true,,,,sr:player:2691260
Sean Neave,NEW,Newcastle,FWD,62,0,0,0,0,true,0.034735776484012604,0,0.034735776484012604,sr:player:2691262
Leo Shahar,NEW,Newcastle,DEF,51,0,0,0,0,true,,,,sr:player:2698834
Antonio Cordero,NEW,Newcastle,FWD,,0,0,0,0,true,,,,sr:player:2729178
Scott Bailey,NEW,Newcastle,MID,68,0,0,0,0,true,,,,sr:player:2735458
Rory Finneran,NEW,Newcastle,MID,61,0,0,0,0,true,,,,sr:player:2742899
Bazoumana Toure,NEW,Newcastle,FWD,17,0,0,0,0,true,,,,sr:player:2749789
Sean Steur,NEW,Newcastle,MID,14,0,0,0,0,true,,,,sr:player:2800893
Aladji Bamba,NEW,Newcastle,MID,8,0,0,0,0,true,,,,sr:player:2901125
Sam Alabi,NEW,Newcastle,MID,85,0,0,0,0,true,,,,sr:player:3060075
Henry Johnson,NEW,Newcastle,DEF,99,0,0,0,0,true,,,,sr:player:3239832
Marco Bizot,AVL,Aston Villa,GK,40,0,0,0,0,true,0,0,0,sr:player:100390
Tyrone Mings,AVL,Aston Villa,DEF,5,0,0,0,0,true,1.492117453366518,0.7093149498105049,1.8467749282717705,sr:player:303638
Joe Gauci,AVL,Aston Villa,GK,18,0,0,0,0,true,,,,sr:player:1619862
Samuel Iling-Junior,AVL,Aston Villa,FWD,19,0,0,0,0,true,,,,sr:player:1969761
Oliwier Zych,AVL,Aston Villa,GK,48,0,0,0,0,true,,,,sr:player:1996701
Lamare Bogarde,AVL,Aston Villa,MID,26,0,0,0,0,true,0,0.04115242511034012,0.02057621255517006,sr:player:2115982
Kosta Nedeljkovic,AVL,Aston Villa,DEF,32,0,0,0,0,true,,,,sr:player:2355119
Yasin Ozcan,AVL,Aston Villa,DEF,58,0,0,0,0,true,,,,sr:player:2413339
Andres Garcia,AVL,Aston Villa,MID,16,0,0,0,0,true,0,0,0,sr:player:2529211
Kadan Young,AVL,Aston Villa,MID,51,0,0,0,0,true,,,,sr:player:2530535
James Wright,AVL,Aston Villa,GK,42,0,0,0,0,true,,,,sr:player:2586619
Johan Manzambi,AVL,Aston Villa,MID,44,0,0,0,0,true,,,,sr:player:2637209
Sam Proctor,AVL,Aston Villa,GK,52,0,0,0,0,true,,,,sr:player:2745953
Alysson,AVL,Aston Villa,FWD,47,0,0,0,0,true,0.05279543623328209,0,0.05279543623328209,sr:player:2819947
Modou Keba Cisse,AVL,Aston Villa,MID,48,0,0,0,0,true,,,,sr:player:2863139
Triston Rowe,AVL,Aston Villa,DEF,45,0,0,0,0,true,,,,sr:player:2865451
Bradley Burrowes,AVL,Aston Villa,MID,49,0,0,0,0,true,0,0,0,sr:player:2890863
George Hemmings,AVL,Aston Villa,MID,53,0,0,0,0,true,0.01938827894628048,0,0.01938827894628048,sr:player:2945367
Brian Madjo,AVL,Aston Villa,FWD,39,0,0,0,0,true,,,,sr:player:2956811
Luka Lynch,AVL,Aston Villa,MID,74,0,0,0,0,true,,,,sr:player:2962857
Owen Asemota,AVL,Aston Villa,GK,60,0,0,0,0,true,,,,sr:player:3083692
Simon Moore,SUN,Sunderland,GK,21,0,0,0,0,true,,,,sr:player:95461
Thomas Meunier,SUN,Sunderland,DEF,12,0,0,0,0,true,,,,sr:player:128587
Alan Browne,SUN,Sunderland,MID,8,0,0,0,0,true,,,,sr:player:247459
Aji Alese,SUN,Sunderland,DEF,42,0,0,0,0,true,,,,sr:player:1479622
Anthony Patterson,SUN,Sunderland,GK,1,0,0,0,0,true,,,,sr:player:1646414
Romaine Mundle,SUN,Sunderland,MID,14,0,0,0,0,true,0.673394400626421,0.017134571447968483,0.6819616863504052,sr:player:1939866
Melker Ellborg,SUN,Sunderland,GK,31,0,0,0,0,true,0,0,0,sr:player:1986673
Abdoullah Ba,SUN,Sunderland,MID,46,0,0,0,0,true,,,,sr:player:1986921
Robin Roefs,SUN,Sunderland,GK,22,0,0,0,0,true,0,0.7053439579904079,0.35267197899520397,sr:player:1988303
Jenson Seelt,SUN,Sunderland,DEF,23,0,0,0,0,true,0,0,0,sr:player:2094054
Nilson Angulo,SUN,Sunderland,FWD,10,0,0,0,0,true,0.9055802077054977,0.05286954902112484,0.9320149822160602,sr:player:2125372
Luis Semedo,SUN,Sunderland,FWD,9,0,0,0,0,true,,,,sr:player:2249353
Timur Tuterov,SUN,Sunderland,MID,57,0,0,0,0,true,,,,sr:player:2498299
Matthew Young,SUN,Sunderland,GK,45,0,0,0,0,true,,,,sr:player:2657857
Milan Aleksic,SUN,Sunderland,FWD,30,0,0,0,0,true,,,,sr:player:2692126
Trey Samuel-Ogunsuyi,SUN,Sunderland,FWD,47,0,0,0,0,true,,,,sr:player:2859119
Jenson Jones,SUN,Sunderland,DEF,51,0,0,0,0,true,,,,sr:player:3026632
Jaydon Jones,SUN,Sunderland,MID,52,0,0,0,0,true,,,,sr:player:3049257
Jack Whittaker,SUN,Sunderland,MID,53,0,0,0,0,true,,,,sr:player:3049259
Jocelin Ta Bi,SUN,Sunderland,MID,37,0,0,0,0,true,0,0,0,sr:player:3056833
Finn Geragusyan,SUN,Sunderland,FWD,74,0,0,0,0,true,,,,sr:player:3164284
Archie Lightfoot,SUN,Sunderland,DEF,90,0,0,0,0,true,,,,sr:player:3229104
Charlie Dinsdale,SUN,Sunderland,MID,97,0,0,0,0,true,,,,sr:player:3229106
Tom Proctor,SUN,Sunderland,MID,96,0,0,0,0,true,,,,sr:player:3229108
Felix Scott,SUN,Sunderland,FWD,95,0,0,0,0,true,,,,sr:player:3229110
Ben Kindon,SUN,Sunderland,DEF,99,0,0,0,0,true,,,,sr:player:3229112
Kepa Arrizabalaga,ARS,Arsenal,GK,13,0,0,0,0,true,0,0,0,sr:player:232422
David Raya,ARS,Arsenal,GK,1,0,0,0,0,true,0,0.1493939720094204,0.0746969860047102,sr:player:581310
Fabio Vieira,ARS,Arsenal,MID,21,0,0,0,0,true,,,,sr:player:1300574
Illan Meslier,ARS,Arsenal,GK,30,0,0,0,0,true,,,,sr:player:1322902
Christos Tzolis,ARS,Arsenal,FWD,17,0,0,0,0,true,,,,sr:player:1645070
Cristhian Mosquera,ARS,Arsenal,DEF,3,0,0,0,0,true,0.08585410565137863,0.29345311783254147,0.23258066456764936,sr:player:2226006
Tommy Setford,ARS,Arsenal,GK,35,0,0,0,0,true,,,,sr:player:2268223
Ethan Nwaneri,ARS,Arsenal,FWD,22,0,0,0,0,true,0.3292111651971936,0.048408184200525284,0.35341525729745626,sr:player:2447727
Myles Lewis-Skelly,ARS,Arsenal,MID,49,0,0,0,0,true,0.12569395825266838,0.17853078991174698,0.21495935320854187,sr:player:2518835
Charles Sagoe Jr,ARS,Arsenal,FWD,53,0,0,0,0,true,,,,sr:player:2518837
Louie Copley,ARS,Arsenal,MID,,0,0,0,0,true,,,,sr:player:2736311
Theo Julienne,ARS,Arsenal,MID,45,0,0,0,0,true,,,,sr:player:2962749
Josh Ogunnaike,ARS,Arsenal,DEF,52,0,0,0,0,true,,,,sr:player:2962887
Marli Salmon,ARS,Arsenal,DEF,89,0,0,0,0,true,,,,sr:player:3025524
Benjamin Lecomte,FUL,Fulham,GK,23,0,0,0,0,true,,,,sr:player:123207
Timothy Castagne,FUL,Fulham,DEF,21,0,0,0,0,true,1.470174259506166,1.7460119286552072,2.3431802238337696,sr:player:329417
Jorge Cuenca,FUL,Fulham,MID,15,0,0,0,0,true,0.050821494311094284,0.5158752724528313,0.3087591305375099,sr:player:1096424
Shea Charles,FUL,Fulham,MID,19,0,0,0,0,true,,,,sr:player:2229702
Luke Harris,FUL,Fulham,MID,38,0,0,0,0,true,,,,sr:player:2256201
Gonzalo Garcia,FUL,Fulham,FWD,,0,0,0,0,true,,,,sr:player:2269329
Cesar Palacios,FUL,Fulham,MID,,0,0,0,0,true,,,,sr:player:2436971
Matt Dibley-Dias,FUL,Fulham,MID,49,0,0,0,0,true,,,,sr:player:2604625
Sam Amissah,FUL,Fulham,DEF,35,0,0,0,0,true,,,,sr:player:2650007
Jonah Kusi Asare,FUL,Fulham,FWD,,0,0,0,0,true,0,0.081977978348732,0.040988989174366,sr:player:2671919
Seth Ridgeon,FUL,Fulham,MID,38,0,0,0,0,true,,,,sr:player:2993453
Alfie Shane McNally,FUL,Fulham,GK,40,0,0,0,0,true,,,,sr:player:3130868
Alisson,LFC,Liverpool,GK,1,0,0,0,0,true,0,0,0,sr:player:243609
Freddie Woodman,LFC,Liverpool,GK,28,0,0,0,0,true,0,0,0,sr:player:284417
Kostas Tsimikas,LFC,Liverpool,DEF,21,0,0,0,0,true,,,,sr:player:605434
Giorgi Mamardashvili,LFC,Liverpool,GK,25,0,0,0,0,true,0,0,0,sr:player:1060981
Vitezslav Jaros,LFC,Liverpool,GK,56,0,0,0,0,true,,,,sr:player:1298242
Owen Beck,LFC,Liverpool,DEF,63,0,0,0,0,true,,,,sr:player:1298332
Ronald Araujo,LFC,Liverpool,DEF,33,0,0,0,0,true,,,,sr:player:1407379
Harvey Elliott,LFC,Liverpool,MID,19,0,0,0,0,true,0.2895753085613251,0.09384871274232864,0.3364996649324894,sr:player:1604594
Calvin Ramsay,LFC,Liverpool,DEF,47,0,0,0,0,true,,,,sr:player:1840078
Harvey Davies,LFC,Liverpool,GK,95,0,0,0,0,true,,,,sr:player:1939984
Isaac Mabaya,LFC,Liverpool,MID,52,0,0,0,0,true,,,,sr:player:2263171
Luke Chambers,LFC,Liverpool,DEF,44,0,0,0,0,true,,,,sr:player:2263295
James Mcconnell,LFC,Liverpool,MID,53,0,0,0,0,true,,,,sr:player:2263797
Stefan Bajcetic,LFC,Liverpool,DEF,43,0,0,0,0,true,,,,sr:player:2264915
Calum Scanlon,LFC,Liverpool,DEF,48,0,0,0,0,true,,,,sr:player:2276797
Lewis Koumas,LFC,Liverpool,MID,67,0,0,0,0,true,,,,sr:player:2281075
Armin Pecsi,LFC,Liverpool,GK,41,0,0,0,0,true,,,,sr:player:2352479
Giovanni Leoni,LFC,Liverpool,DEF,15,0,0,0,0,true,,,,sr:player:2567053
Kieran Morrison,LFC,Liverpool,MID,68,0,0,0,0,true,,,,sr:player:2569099
Jeremy Jacquet,LFC,Liverpool,DEF,,0,0,0,0,true,,,,sr:player:2602715
Trey Nyoni,LFC,Liverpool,MID,42,0,0,0,0,true,0.4788391590118408,0.04941660165786743,0.5035474598407745,sr:player:2714270
Amara Nallo,LFC,Liverpool,DEF,65,0,0,0,0,true,,,,sr:player:2772009
Will Wright,LFC,Liverpool,FWD,79,0,0,0,0,true,,,,sr:player:2888525
Victor Munoz,LFC,Liverpool,FWD,,0,0,0,0,true,,,,sr:player:2913443
Kornel Misciur,LFC,Liverpool,GK,74,0,0,0,0,true,,,,sr:player:2943847
Josh Sonni-Lambie,LFC,Liverpool,FWD,82,0,0,0,0,true,,,,sr:player:2943853
Ifeanyi Ndukwe,LFC,Liverpool,DEF,83,0,0,0,0,true,,,,sr:player:3024964
El Hadji Mor Talla Ndiaye,LFC,Liverpool,DEF,75,0,0,0,0,true,,,,sr:player:3095284
Joshua Oluwatobi Abe,LFC,Liverpool,FWD,40,0,0,0,0,true,,,,sr:player:3152388
Christian Norgaard,EVE,Everton,MID,23,0,0,0,0,true,0.0686947088688612,0,0.0686947088688612,sr:player:135256
Jordan Pickford,EVE,Everton,GK,1,0,0,0,0,true,0,0.2333715260028839,0.11668576300144196,sr:player:138530
Tom King,EVE,Everton,GK,31,0,0,0,0,true,,,,sr:player:603922
Mark Travers,EVE,Everton,GK,12,0,0,0,0,true,,,,sr:player:934536
Nathan Patterson,EVE,Everton,DEF,2,0,0,0,0,true,0.1701965481042862,0,0.1701965481042862,sr:player:1381883
Hayden Hackney,EVE,Everton,MID,30,0,0,0,0,true,,,,sr:player:1978891
Tyler Dibling,EVE,Everton,FWD,20,0,0,0,0,true,0.13778147101402283,0.21320436522364616,0.2443836536258459,sr:player:2346621
Tyrique George,EVE,Everton,MID,19,0,0,0,0,true,0.8288742527365685,1.341641515493393,1.499695010483265,sr:player:2437845
Braiden Graham,EVE,Everton,FWD,58,0,0,0,0,true,,,,sr:player:2650965
Adam Aznou,EVE,Everton,DEF,39,0,0,0,0,true,,,,sr:player:2691724
Harrison Armstrong,EVE,Everton,MID,45,0,0,0,0,true,0.43910516798496246,0.12138871103525162,0.49979952350258827,sr:player:2836855
Harvey Foster,EVE,Everton,MID,81,0,0,0,0,true,,,,sr:player:3233986
George Pickford,EVE,Everton,GK,50,0,0,0,0,true,,,,sr:player:3239916
Caoimhin Kelleher,BRE,Brentford,GK,1,0,0,0,0,true,0,0.10640144906938076,0.05320072453469038,sr:player:755360
Josh Dasilva,BRE,Brentford,MID,10,0,0,0,0,true,0.0726943090558052,0,0.0726943090558052,sr:player:796084
Ellery Balcombe,BRE,Brentford,GK,31,0,0,0,0,true,,,,sr:player:1076218
Hakon Valdimarsson,BRE,Brentford,GK,12,0,0,0,0,true,0,0,0,sr:player:1141630
Aaron Hickey,BRE,Brentford,DEF,2,0,0,0,0,true,0.5498570688068867,0.6038424372673035,0.8517782874405384,sr:player:1652589
Mamadou Sangare,BRE,Brentford,MID,,0,0,0,0,true,,,,sr:player:2063697
Matthew Cox,BRE,Brentford,GK,13,0,0,0,0,true,,,,sr:player:2065067
Antoni Milambo,BRE,Brentford,MID,17,0,0,0,0,true,0,0,0,sr:player:2190630
Kim Ji-soo,BRE,Brentford,DEF,36,0,0,0,0,true,,,,sr:player:2296809
Gustavo Nunes,BRE,Brentford,FWD,39,0,0,0,0,true,,,,sr:player:2375191
Kaye Iyowuna Furo,BRE,Brentford,FWD,47,0,0,0,0,true,0,0,0,sr:player:2469153
Riley Owen,BRE,Brentford,MID,52,0,0,0,0,true,,,,sr:player:2487259
Romelle Donovan,BRE,Brentford,MID,45,0,0,0,0,true,0.10470368713140488,0.032033760100603104,0.12072056718170643,sr:player:2541105
Benjamin Fredrick,BRE,Brentford,DEF,44,0,0,0,0,true,,,,sr:player:2606449
Jayden Meghoma,BRE,Brentford,DEF,21,0,0,0,0,true,,,,sr:player:2611327
Yunus Emre Konak,BRE,Brentford,MID,26,0,0,0,0,true,,,,sr:player:2657821
Benjamin Arthur,BRE,Brentford,DEF,43,0,0,0,0,true,,,,sr:player:2659953
Jannik Schuster,BRE,Brentford,DEF,,0,0,0,0,true,,,,sr:player:2692174
Julian Eyestone,BRE,Brentford,GK,41,0,0,0,0,true,,,,sr:player:2819467
Luka Bentt,BRE,Brentford,MID,48,0,0,0,0,true,,,,sr:player:3150746
Ollie Shield,BRE,Brentford,FWD,49,0,0,0,0,true,,,,sr:player:3157380
Joshua Stephenson,BRE,Brentford,DEF,50,0,0,0,0,true,,,,sr:player:3157382
Fraser Forster,BOU,Bournemouth,GK,17,0,0,0,0,true,,,,sr:player:19314
Romain Faivre,BOU,Bournemouth,MID,21,0,0,0,0,true,,,,sr:player:1368608
Max Aarons,BOU,Bournemouth,DEF,37,0,0,0,0,true,,,,sr:player:1549771
Bafode Diakite,BOU,Bournemouth,DEF,18,0,0,0,0,true,0.013867756351828575,0.08456607162952423,0.05615079216659069,sr:player:1632510
Julian Araujo,BOU,Bournemouth,DEF,2,0,0,0,0,true,,,,sr:player:1712141
Will Dennis,BOU,Bournemouth,GK,40,0,0,0,0,true,,,,sr:player:1839276
Alex Paulsen,BOU,Bournemouth,GK,13,0,0,0,0,true,,,,sr:player:1957315
Antonio Silva,BOU,Bournemouth,DEF,14,0,0,0,0,true,,,,sr:player:1987393
Juanlu,BOU,Bournemouth,DEF,,0,0,0,0,true,,,,sr:player:2044819
Daniel Jebbison,BOU,Bournemouth,FWD,21,0,0,0,0,true,,,,sr:player:2155654
Alvaro Rodriguez,BOU,Bournemouth,FWD,30,0,0,0,0,true,,,,sr:player:2266525
Julio Soler,BOU,Bournemouth,DEF,6,0,0,0,0,true,0,0,0,sr:player:2336441
Matai Akinmboni,BOU,Bournemouth,DEF,45,0,0,0,0,true,,,,sr:player:2431805
Alex Toth,BOU,Bournemouth,MID,27,0,0,0,0,true,0.18117015063762665,0.35722148045897484,0.35978089086711407,sr:player:2574035
Veljko Milosavljevic,BOU,Bournemouth,MID,44,0,0,0,0,true,0.357437402009964,0.06701014190912247,0.3909424729645252,sr:player:2611279
Ben Winterburn,BOU,Bournemouth,MID,47,0,0,0,0,true,0,0,0,sr:player:2904977
Remy Rees-Dottin,BOU,Bournemouth,FWD,50,0,0,0,0,true,,,,sr:player:2922797
Alfie Merritt,BOU,Bournemouth,DEF,,0,0,0,0,true,,,,sr:player:3237102
Jack Butland,HUL,Hull,GK,,0,0,0,0,false,,,,sr:player:98448
John Egan,HUL,Hull,DEF,15,0,0,0,0,false,,,,sr:player:100578
Matt Crooks,HUL,Hull,MID,25,0,0,0,0,false,,,,sr:player:140479
Paddy McNair,HUL,Hull,DEF,37,0,0,0,0,false,,,,sr:player:191386
Semi Ajayi,HUL,Hull,DEF,6,0,0,0,0,false,,,,sr:player:307274
Oli McBurnie,HUL,Hull,FWD,9,0,0,0,0,false,,,,sr:player:367228
Matt Targett,HUL,Hull,DEF,,0,0,0,0,false,,,,sr:player:368134
Dillon Phillips,HUL,Hull,GK,12,0,0,0,0,false,,,,sr:player:377166
Kieran Dowell,HUL,Hull,MID,26,0,0,0,0,false,,,,sr:player:784503
David Akintola,HUL,Hull,MID,11,0,0,0,0,false,,,,sr:player:857900
Abdulkadir Omur,HUL,Hull,MID,10,0,0,0,0,false,,,,sr:player:936514
Lewie Coyle,HUL,Hull,DEF,2,0,0,0,0,false,,,,sr:player:941938
Liam Millar,HUL,Hull,MID,7,0,0,0,0,false,,,,sr:player:1298520
Regan Slater,HUL,Hull,MID,27,0,0,0,0,false,,,,sr:player:1379121
Hidemasa Morita,HUL,Hull,MID,,0,0,0,0,false,,,,sr:player:1409457
Ryan Giles,HUL,Hull,MID,3,0,0,0,0,false,,,,sr:player:1557294
Konstantinos Tzolakis,HUL,Hull,GK,,0,0,0,0,false,,,,sr:player:1598966
Eliot Matazo,HUL,Hull,MID,8,0,0,0,0,false,,,,sr:player:1624468
Enis Destan,HUL,Hull,FWD,39,0,0,0,0,false,,,,sr:player:1852296
Thimothee Lo-Tutala,HUL,Hull,GK,32,0,0,0,0,false,,,,sr:player:1939850
Cody Drameh,HUL,Hull,DEF,18,0,0,0,0,false,,,,sr:player:2058151
Matty Jacob,HUL,Hull,DEF,16,0,0,0,0,false,,,,sr:player:2065661
Harvey Cartwright,HUL,Hull,GK,34,0,0,0,0,false,,,,sr:player:2065671
Oscar Zambrano,HUL,Hull,MID,,0,0,0,0,false,,,,sr:player:2228164
Mason Burstow,HUL,Hull,DEF,48,0,0,0,0,false,,,,sr:player:2252385
Darko Gyabi,HUL,Hull,MID,24,0,0,0,0,false,,,,sr:player:2269345
Elliot Stroud,HUL,Hull,DEF,,0,0,0,0,false,,,,sr:player:2318937
Charlie Hughes,HUL,Hull,DEF,4,0,0,0,0,false,,,,sr:player:2411073
Jens Hjerto-Dahl,HUL,Hull,MID,,0,0,0,0,false,,,,sr:player:2484857
James Debayo,HUL,Hull,DEF,31,0,0,0,0,false,,,,sr:player:2495819
Mohamed Belloumi,HUL,Hull,FWD,10,0,0,0,0,false,,,,sr:player:2531827
Stanley Ashbee,HUL,Hull,DEF,43,0,0,0,0,false,,,,sr:player:2610631
Nathan Tinsdale,HUL,Hull,MID,47,0,0,0,0,false,,,,sr:player:2758379
Noah Wadsworth,HUL,Hull,DEF,50,0,0,0,0,false,,,,sr:player:2769051
Hugh Parker,HUL,Hull,FWD,52,0,0,0,0,false,,,,sr:player:2794817
Cathal McCarthy,HUL,Hull,DEF,58,0,0,0,0,false,,,,sr:player:2862517
Calvin Okike,HUL,Hull,DEF,41,0,0,0,0,false,,,,sr:player:3094406
Archie Howard,HUL,Hull,GK,55,0,0,0,0,false,,,,sr:player:3096284
Ayden Heaven,MUN,Manchester United,DEF,26,0,1,1,-0.5,true,0.21505310852080584,0.365470789372921,0.39778850320726633,sr:player:2691816
Vitaliy Mykolenko,EVE,Everton,DEF,16,0,1,1,-0.5,true,0.2774586006999016,1.1418284978717566,0.8483728496357799,sr:player:935132
James Hill,BOU,Bournemouth,DEF,23,0,3,2,-0.5,true,0.9502518232911825,1.4291670992970467,1.6648353729397058,sr:player:1653565
Jefferson Lerma,CRY,Crystal Palace,MID,8,0,2,2,-1,true,2.208588045090437,1.7842966839671135,3.1007363870739937,sr:player:355796
Nikola Milenkovic,NFO,Nottingham,DEF,31,0,0,1,-1,true,0.5094143021851778,0.26758426427841187,0.6432064343243837,sr:player:976055
Murillo,NFO,Nottingham,MID,5,1,0,2,-1,true,0.5957098556682467,0.29939603339880705,0.7454078723676503,sr:player:2361593
Bart Verbruggen,BRI,Brighton,GK,1,0,0,1,-1,true,0,0.07646425813436508,0.03823212906718254,sr:player:1859404
Gabriel Gudmundsson,LEE,Leeds United,DEF,3,0,0,1,-1,true,0.8777289493009448,3.1013932153582573,2.4284255569800735,sr:player:971145
Lisandro Martinez,MUN,Manchester United,DEF,6,0,0,1,-1,true,0.11346602533012629,0.46420332230627537,0.34556768648326397,sr:player:1134755
Axel Disasi,CFC,Chelsea,DEF,,0,0,1,-1,true,1.0807171128690243,0.023904647678136826,1.0926694367080927,sr:player:940716
Pau Torres,AVL,Aston Villa,DEF,14,0,0,1,-1,true,1.5826024003326893,0.006894074846059084,1.5860494377557188,sr:player:944170
Bernd Leno,FUL,Fulham,GK,1,0,0,1,-1,true,0,0,0,sr:player:103335
Sander Berge,FUL,Fulham,MID,16,0,0,1,-1,true,1.3464614748954773,1.985070546157658,2.3389967479743063,sr:player:566232
Ethan Pinnock,BRE,Brentford,DEF,5,0,0,1,-1,true,0.009195007383823395,0,0.009195007383823395,sr:player:1056935
Djordje Petrovic,BOU,Bournemouth,GK,1,0,0,1,-1,true,0,0,0,sr:player:1060571